DZ,Dzname,SIMD_Overall.Rank,SIMD_Income.Rank,SIMD_Employment.Rank,SIMD_Health.Rank,SIMD_Crime.Count,SIMD_Crime.Rank,Population,Working.Age.Population,University.Qual,Lacode,Laname,SPCcode,SPCname,Postcode
S01009758,Darnley East - 01,5016,5912,4396,3273,5,5523,624,407,0.12,S12000049,Glasgow City,S16000119,Glasgow Pollok,G46 8UG
S01009759,Darnley East - 02,171,32,168,255,48,791,860,570,0.09,S12000049,Glasgow City,S16000119,Glasgow Pollok,G46 8SG
S01009760,Darnley East - 03,996,1102,971,881,27,2079,852,550,0.07,S12000049,Glasgow City,S16000119,Glasgow Pollok,G46 8QE
S01009761,Darnley East - 04,3204,2887,3348,2782,7,5459,846,558,0.15,S12000049,Glasgow City,S16000119,Glasgow Pollok,G46 8AD
S01009762,Darnley East - 05,1302,982,1946,1499,40,1904,1183,801,0.04,S12000049,Glasgow City,S16000119,Glasgow Pollok,G46 8AS
S01009763,Darnley East - 06,5669,5235,5428,6391,4,6138,783,551,0.19,S12000049,Glasgow City,S16000119,Glasgow Pollok,G46 8UF
S01009764,Darnley North - 01,991,786,983.5,821,23,1930,688,476,0.09,S12000049,Glasgow City,S16000119,Glasgow Pollok,G53 7GZ
S01009765,Darnley North - 02,2426,2090,2833,1432,13,4535,996,639,0.18,S12000049,Glasgow City,S16000119,Glasgow Pollok,G53 7GR
S01009766,Darnley North - 03,4129,4994,4387,3244,14,2479,515,379,0.20,S12000049,Glasgow City,S16000119,Glasgow Pollok,G53 7PA
S01009767,Darnley North - 04,2006,2546,2635,1183,82,443,1099,738,0.17,S12000049,Glasgow City,S16000119,Glasgow Pollok,G53 7PT
S01009768,Darnley West - 01,1570,1515,1297,1604,13,3817,755,519,0.11,S12000049,Glasgow City,S16000119,Glasgow Pollok,G53 7LP
S01009769,Darnley West - 02,4283,4168,5229,3061,26,3011,1152,732,0.16,S12000049,Glasgow City,S16000119,Glasgow Pollok,G53 7YH
S01009770,Darnley West - 03,4352,4404,4267,3801,7,4995,664,478,0.12,S12000049,Glasgow City,S16000119,Glasgow Pollok,G53 7UG
S01009771,Darnley West - 04,4553,3937,4696,3791,4,6219,846,613,0.17,S12000049,Glasgow City,S16000119,Glasgow Pollok,G53 7YJ
S01009772,Darnley West - 05,4632,4644,4430,5055,4,6055,723,450,0.13,S12000049,Glasgow City,S16000119,Glasgow Pollok,G53 7XT
S01009773,Darnley West - 06,4854,3915,5190,5456,NA,6608,730,499,0.20,S12000049,Glasgow City,S16000119,Glasgow Pollok,G53 7ZF
S01009774,Darnley West - 07,4391,3667,4908,4942,3,6204,628,400,0.21,S12000049,Glasgow City,S16000119,Glasgow Pollok,G53 7ZH
S01009775,Nitshill - 01,100,101,217,19,115,83,773,473,0.06,S12000049,Glasgow City,S16000119,Glasgow Pollok,G43 1BF
S01009776,Nitshill - 02,106,65,137,176,36,810,652,409,0.10,S12000049,Glasgow City,S16000119,Glasgow Pollok,G53 7PY
S01009777,Nitshill - 03,492,500,399,784,25,927,483,331,0.06,S12000049,Glasgow City,S16000119,Glasgow Pollok,G53 6LL
S01009778,Nitshill - 04,190,77,276,186,23,2379,809,466,0.04,S12000049,Glasgow City,S16000119,Glasgow Pollok,G53 6RY
S01009779,Nitshill - 05,296,157,1165,187,37,700,625,374,0.02,S12000049,Glasgow City,S16000119,Glasgow Pollok,G53 7AU
S01009780,Nitshill - 06,92,223,200,83,38,833,695,487,0.01,S12000049,Glasgow City,S16000119,Glasgow Pollok,G53 6QW
S01009781,Nitshill - 07,541,328,887,532,22,1624,583,360,0.06,S12000049,Glasgow City,S16000119,Glasgow Pollok,G53 6QL
S01009782,Nitshill - 08,1590,2042,1971,1603,25,1954,754,523,0.02,S12000049,Glasgow City,S16000119,Glasgow Pollok,G53 6QP
S01009783,Nitshill - 09,358,529.5,368,178,8,4814,689,487,0.06,S12000049,Glasgow City,S16000119,Glasgow Pollok,G53 6UB
S01009784,Crookston South - 01,247,210,512,139,23,2034,715,476,0.03,S12000049,Glasgow City,S16000119,Glasgow Pollok,G53 6BJ
S01009785,Crookston South - 02,468,474,621,254,28,1740,778,517,0.05,S12000049,Glasgow City,S16000119,Glasgow Pollok,G53 6SB
S01009786,Crookston South - 03,186,109,313,197,72,404,934,589,0.03,S12000049,Glasgow City,S16000119,Glasgow Pollok,G53 5JU
S01009787,Crookston South - 04,94,118,192,101,32,1355,755,450,0.02,S12000049,Glasgow City,S16000119,Glasgow Pollok,G53 6AW
S01009788,Crookston North - 01,1731,1706,1648.5,1423,16,3599,859,561,0.09,S12000049,Glasgow City,S16000119,Glasgow Pollok,G53 5EA
S01009789,Crookston North - 02,1001,1029,1068,782,60,514,867,562,0.08,S12000049,Glasgow City,S16000119,Glasgow Pollok,G53 5DH
S01009790,Crookston North - 03,1996,1947,1968,1880,4,5842,612,406,0.07,S12000049,Glasgow City,S16000119,Glasgow Pollok,G53 5LH
S01009791,Crookston North - 04,702,642,814,603,30,1601,789,536,0.06,S12000049,Glasgow City,S16000119,Glasgow Pollok,G53 5BD
S01009792,Pollok South and West - 01,5240,4593,5205,4801,11,4902,986,720,0.22,S12000049,Glasgow City,S16000119,Glasgow Pollok,G53 7ZT
S01009793,Pollok South and West - 02,5259,4542,4902,4026,11,5473,1342,867,0.17,S12000049,Glasgow City,S16000119,Glasgow Pollok,G53 7AT
S01009794,Pollok South and West - 03,6257,5916,6044,5421,7,4466,522,365,0.13,S12000049,Glasgow City,S16000119,Glasgow Pollok,G53 7TA
S01009795,Pollok South and West - 04,6078,5567,5136,5811,5,6007,865,603,0.22,S12000049,Glasgow City,S16000119,Glasgow Pollok,G53 7FT
S01009796,Pollok South and West - 05,4533,4381,4995.5,3892,NA,6614.5,744,460,0.15,S12000049,Glasgow City,S16000119,Glasgow Pollok,G53 7NW
S01009797,Pollok South and West - 06,4645,4465,4658,4082,27,1847,782,550,0.09,S12000049,Glasgow City,S16000119,Glasgow Pollok,G53 7DS
S01009798,Pollok South and West - 07,6023,5753,6146,5362,8,4837,696,501,0.13,S12000049,Glasgow City,S16000119,Glasgow Pollok,G53 7FG
S01009799,Pollok North and East - 01,172,125,310,74,62,324,742,500,0.07,S12000049,Glasgow City,S16000119,Glasgow Pollok,G53 5TS
S01009800,Pollok North and East - 02,1134,1079,1227,658,21,3248,1002,668,0.07,S12000049,Glasgow City,S16000119,Glasgow Pollok,G53 5UY
S01009801,Pollok North and East - 03,571,420,700,904,41,1095,859,536,0.06,S12000049,Glasgow City,S16000119,Glasgow Pollok,G53 5PF
S01009802,Pollok North and East - 04,1177,1097,1080,1006,33,1986,1008,717,0.08,S12000049,Glasgow City,S16000119,Glasgow Pollok,G53 5YE
S01009803,Pollok North and East - 05,505,276,664,399,20,2508,745,437,0.08,S12000049,Glasgow City,S16000119,Glasgow Pollok,G53 5SD
S01009804,Pollok North and East - 06,1703,3225,761,1893,39,449,526,395,0.09,S12000049,Glasgow City,S16000119,Glasgow Pollok,G53 7TU
S01009805,Pollok North and East - 07,715,558,908,954,43,1178,939,594,0.06,S12000049,Glasgow City,S16000119,Glasgow Pollok,G53 7SH
S01009806,Cardonald South and East - 01,895,620,1123,725,102,135,869,443,0.07,S12000049,Glasgow City,S16000119,Glasgow Pollok,G52 3BP
S01009807,Cardonald South and East - 02,2681,2243,3001,2527,11,4870,970,633,0.10,S12000049,Glasgow City,S16000119,Glasgow Pollok,G52 3DT
S01009808,Cardonald South and East - 03,2175,2339,2642,1813,7,4741,584,386,0.05,S12000049,Glasgow City,S16000119,Glasgow Pollok,G52 3AP
S01009809,Cardonald South and East - 04,1880,2021,1767,1527,29,1377,692,455,0.08,S12000049,Glasgow City,S16000119,Glasgow Pollok,G52 3AU
S01009810,Cardonald North - 01,643,514,538,729,26,2282,886,591,0.04,S12000049,Glasgow City,S16000119,Glasgow Pollok,G52 2HW
S01009811,Cardonald North - 02,819,731.5,856,614,31,2288,1058,689,0.06,S12000049,Glasgow City,S16000119,Glasgow Pollok,G52 2BL
S01009812,Cardonald North - 03,1290,1125,1232,709,25,1862,728,449,0.08,S12000049,Glasgow City,S16000119,Glasgow Pollok,G52 2HX
S01009813,Cardonald North - 04,271,31,481,837,52,761,915,534,0.08,S12000049,Glasgow City,S16000119,Glasgow Pollok,G52 2LR
S01009814,Cardonald North - 05,3099,2840,3000,2064,21,2626,814,534,0.12,S12000049,Glasgow City,S16000119,Glasgow Pollok,G52 2SY
S01009815,Cardonald West and Central - 01,1634,1803,1008,1289,26,1469,642,438,0.11,S12000049,Glasgow City,S16000119,Glasgow Pollok,G52 3HP
S01009816,Cardonald West and Central - 02,3517,2913,3823,3060,8,4912,721,488,0.03,S12000049,Glasgow City,S16000119,Glasgow Pollok,G52 3HE
S01009817,Cardonald West and Central - 03,1638,1442,1270,1797,17,2748,683,429,0.06,S12000049,Glasgow City,S16000119,Glasgow Pollok,G52 3NP
S01009818,Cardonald West and Central - 04,4939,3735,4425,4511,7,5592,910,503,0.15,S12000049,Glasgow City,S16000119,Glasgow Pollok,G52 2PS
S01009819,Cardonald West and Central - 05,2374,1970,2668,1430,23,1993,704,388,0.09,S12000049,Glasgow City,S16000119,Glasgow Pollok,G52 3JG
S01009820,Cardonald West and Central - 06,2586,2677,1967,2361,44,1166,958,650,0.12,S12000049,Glasgow City,S16000119,Glasgow Pollok,G52 3PF
S01009821,Cardonald West and Central - 07,3670,3315,3636,3433,19,2229,635,412,0.10,S12000049,Glasgow City,S16000119,Glasgow Pollok,G52 2TD
S01009822,Penilee - 01,2385,1880,2513,2357,10,3147,461,295,0.09,S12000049,Glasgow City,S16000119,Glasgow Pollok,G52 4BT
S01009823,Penilee - 02,786,772,877,800,28,1545,717,432,0.08,S12000049,Glasgow City,S16000119,Glasgow Pollok,G52 4DB
S01009824,Penilee - 03,1571,1200,1942,1595,9,5190,939,581,0.07,S12000049,Glasgow City,S16000119,Glasgow Pollok,G52 4EQ
S01009825,Penilee - 04,1028,1204,954,713,35,1878,1026,689,0.02,S12000049,Glasgow City,S16000119,Glasgow Pollok,G52 4HY
S01009826,Penilee - 05,964,624,1157.5,1278,14,2945,602,358,0.04,S12000049,Glasgow City,S16000119,Glasgow Pollok,G52 2RW
S01009827,Penilee - 06,867,1073,935,739,21,2756,845,528,0.05,S12000049,Glasgow City,S16000119,Glasgow Pollok,G52 4AT
S01009828,Penilee - 07,140,92,73,133,17,2930,725,439,0.13,S12000049,Glasgow City,S16000119,Glasgow Pollok,G52 2PU
S01009829,Hillington - 01,1006,1444,560,654,26,2355,906,619,0.05,S12000049,Glasgow City,S16000119,Glasgow Pollok,G52 2JU
S01009830,Hillington - 02,1856,1465,2205,2249,15,3443,764,499,0.02,S12000049,Glasgow City,S16000119,Glasgow Pollok,G52 2NU
S01009831,Hillington - 03,3530,3276,4500,2761,9,4780,763,533,0.06,S12000049,Glasgow City,S16000119,Glasgow Pollok,G52 2BA
S01009832,Hillington - 04,3021,2537,3099,2666,36,1647,967,601,0.08,S12000049,Glasgow City,S16000119,Glasgow Pollok,G52 2AZ
S01009833,Drumoyne and Shieldhall - 01,1626,2689,2193,1339,216,9,525,336,0.07,S12000049,Glasgow City,S16000119,Glasgow Pollok,G51 4HF
S01009834,Drumoyne and Shieldhall - 02,1096,1210,932,840,31,1546,794,564,0.05,S12000049,Glasgow City,S16000119,Glasgow Pollok,G51 4HL
S01009835,Drumoyne and Shieldhall - 03,637,842,672,358,19,2042,592,396,0.02,S12000049,Glasgow City,S16000119,Glasgow Pollok,G51 4DL
S01009836,Drumoyne and Shieldhall - 04,2430,3137,2470,1295,20,3170,931,616,0.09,S12000049,Glasgow City,S16000119,Glasgow Pollok,G51 4HQ
S01009837,Drumoyne and Shieldhall - 05,663,700,669,142,13,3485,671,416,0.06,S12000049,Glasgow City,S16000119,Glasgow Pollok,G51 4LJ
S01009838,Drumoyne and Shieldhall - 06,973,941,720,666,38,1416,919,610,0.15,S12000049,Glasgow City,S16000119,Glasgow Pollok,G51 4QG
S01009839,Drumoyne and Shieldhall - 07,489,785,395,349,64,530,937,703,0.05,S12000049,Glasgow City,S16000119,Glasgow Pollok,G51 4AB
S01009840,Drumoyne and Shieldhall - 08,890,736,755,452,22,2819,903,562,0.10,S12000049,Glasgow City,S16000119,Glasgow Pollok,G51 3XR
S01009841,Govan and Linthouse - 01,1115,1248,776,810,36,1508,905,619,0.03,S12000049,Glasgow City,S16000119,Glasgow Pollok,G51 3SJ
S01009842,Govan and Linthouse - 02,348,609,277,194,71,263,777,556,0.03,S12000049,Glasgow City,S16000119,Glasgow Pollok,G51 3SU
S01009843,Govan and Linthouse - 03,58,105,80,31,115,70,740,515,0.06,S12000049,Glasgow City,S16000119,Glasgow Pollok,G51 3NW
S01009844,Govan and Linthouse - 04,135,333,166,76,110,127,915,657,0.01,S12000049,Glasgow City,S16000119,Glasgow Pollok,G51 3BL
S01009845,Govan and Linthouse - 05,870,1640,635,1259,76,350,932,704,0.02,S12000049,Glasgow City,S16000119,Glasgow Pollok,G51 3AN
S01009846,Govan and Linthouse - 06,742,702,634,562,52,925,1004,682,0.05,S12000049,Glasgow City,S16000119,Glasgow Pollok,G51 3PD
S01009847,Govan and Linthouse - 07,1009,1747,741,674,46,703,779,574,0.05,S12000049,Glasgow City,S16000119,Glasgow Pollok,G51 4PL
S01009848,Craigton - 01,688,659,855,357,48,1122,1019,649,0.06,S12000049,Glasgow City,S16000119,Glasgow Pollok,G51 4UW
S01009849,Craigton - 02,1180,823,1387.5,857,29,1489,724,471,0.03,S12000049,Glasgow City,S16000119,Glasgow Pollok,G52 1DN
S01009850,Craigton - 03,2020,1653,1840,1568,12,4432,885,591,0.11,S12000049,Glasgow City,S16000119,Glasgow Pollok,G52 1SN
S01009851,Craigton - 04,783,730,556,625,37,1374,882,583,0.07,S12000049,Glasgow City,S16000119,Glasgow Pollok,G52 3QN
S01009852,Mosspark - 01,1965,2303,2415,1309,45,336,545,354,0.15,S12000049,Glasgow City,S16000119,Glasgow Pollok,G52 1HG
S01009853,Mosspark - 02,1907,2253,2145,1472,20,2829,826,526,0.07,S12000049,Glasgow City,S16000119,Glasgow Pollok,G52 1QJ
S01009854,Mosspark - 03,1424,1683,1175,1068,25,2136,806,543,0.08,S12000049,Glasgow City,S16000119,Glasgow Pollok,G52 1RH
S01009855,Mosspark - 04,2472,3348,2334,2163,10,3873,594,398,0.04,S12000049,Glasgow City,S16000119,Glasgow Pollok,G52 1NS
S01009856,Mosspark - 05,2788,2425,2543,2744,11,3827,642,431,0.10,S12000049,Glasgow City,S16000119,Glasgow Pollok,G52 1ER
S01009857,Mosspark - 06,2594,2664,2659,2248,18,3380,898,574,0.07,S12000049,Glasgow City,S16000119,Glasgow Pollok,G52 1JQ
S01009858,Mosspark - 07,2841,2873,2985,1939,16,3272,770,532,0.09,S12000049,Glasgow City,S16000119,Glasgow Pollok,G52 1PX
S01009859,Ibrox - 01,196,250,173,160,116,253,1244,816,0.07,S12000049,Glasgow City,S16000122,Glasgow Southside,G51 2DB
S01009860,Ibrox - 02,77,82,84,62,89,279,1015,654,0.08,S12000049,Glasgow City,S16000122,Glasgow Southside,G51 3UU
S01009861,Ibrox - 03,456,935,543,415,90,490,1266,917,0.01,S12000049,Glasgow City,S16000122,Glasgow Southside,G51 2JE
S01009862,Ibrox East and Cessnock - 01,480,896,443,204,122,170,1126,829,0.06,S12000049,Glasgow City,S16000122,Glasgow Southside,G51 2XX
S01009863,Ibrox East and Cessnock - 02,1313,1925,973,1151,55,555,821,611,0.11,S12000049,Glasgow City,S16000122,Glasgow Southside,G51 1PY
S01009864,Ibrox East and Cessnock - 03,1793,1830,2032,1704,37,808,669,527,0.07,S12000049,Glasgow City,S16000122,Glasgow Southside,G51 2AF
S01009865,Ibrox East and Cessnock - 04,3222,3811.5,2503,2604,16,2660,626,481,0.13,S12000049,Glasgow City,S16000122,Glasgow Southside,G51 2TX
S01009866,Kinning Park and Festival Park - 01,2235,2116,2447,2099,41,1173,894,641,0.06,S12000049,Glasgow City,S16000122,Glasgow Southside,G51 1LL
S01009867,Kinning Park and Festival Park - 02,2504,3204,2779,1324,52,1372,1239,1003,0.10,S12000049,Glasgow City,S16000122,Glasgow Southside,G51 1TG
S01009868,Kinning Park and Festival Park - 03,4294,3796,4800,3556,21,2701,832,629,0.05,S12000049,Glasgow City,S16000122,Glasgow Southside,G41 1DU
S01009869,Kinning Park and Festival Park - 04,3288,3528.5,3104,3788,26,1231,579,466,0.13,S12000049,Glasgow City,S16000122,Glasgow Southside,G51 1NW
S01009870,Kinning Park and Festival Park - 05,2587,2917,3312,2579,31,1259,701,524,0.05,S12000049,Glasgow City,S16000122,Glasgow Southside,G51 1AT
S01009871,Kingston West and Dumbreck - 01,1067,1114,808,868,41,1302,947,643,0.14,S12000049,Glasgow City,S16000122,Glasgow Southside,G41 5SE
S01009872,Kingston West and Dumbreck - 02,2706,2531,3053,2924,39,764,687,503,0.13,S12000049,Glasgow City,S16000122,Glasgow Southside,G51 1PW
S01009873,Kingston West and Dumbreck - 03,2775,2620,2958,2279,52,939,1008,703,0.19,S12000049,Glasgow City,S16000122,Glasgow Southside,G51 1RP
S01009874,Kingston West and Dumbreck - 04,1164,1130,844,2160,60,724,1029,673,0.12,S12000049,Glasgow City,S16000122,Glasgow Southside,G41 5LX
S01009875,Pollokshields West - 01,1228,1040,1205,1186,41,1060,842,561,0.15,S12000049,Glasgow City,S16000122,Glasgow Southside,G41 1PF
S01009876,Pollokshields West - 02,843,472,780,2044,21,882,393,273,0.08,S12000049,Glasgow City,S16000122,Glasgow Southside,G41 5SB
S01009877,Pollokshields West - 03,5575,4646,4467,5553,14,4283,977,624,0.32,S12000049,Glasgow City,S16000122,Glasgow Southside,G41 5EY
S01009878,Pollokshields West - 04,2036,1262,2722,2596,27,1785,763,526,0.14,S12000049,Glasgow City,S16000122,Glasgow Southside,G41 1TE
S01009879,Pollokshields West - 05,6365,5895,6730,6414,17,3535,893,588,0.22,S12000049,Glasgow City,S16000122,Glasgow Southside,G41 4NY
S01009880,Pollokshields West - 06,3710,2881,4357,3783,18,2990,792,503,0.20,S12000049,Glasgow City,S16000122,Glasgow Southside,G41 5PN
S01009881,Pollokshields East - 01,2589,2840,3490,3210,23,1382,550,401,0.13,S12000049,Glasgow City,S16000122,Glasgow Southside,G41 2NJ
S01009882,Pollokshields East - 02,3752,4128,4343,4985,53,1409,1279,1050,0.06,S12000049,Glasgow City,S16000122,Glasgow Southside,G41 2PL
S01009883,Pollokshields East - 03,3478,3388,4141,3737,28,1839,809,553,0.16,S12000049,Glasgow City,S16000122,Glasgow Southside,G41 2SU
S01009884,Pollokshields East - 04,2191,1636,2858,3175,33,1332,773,558,0.11,S12000049,Glasgow City,S16000122,Glasgow Southside,G41 2JG
S01009885,Pollokshields East - 05,3481,2876,4121,3182,23,2537,866,587,0.12,S12000049,Glasgow City,S16000122,Glasgow Southside,G41 5RD
S01009886,Pollokshields East - 06,1973,997.5,2506,2274,24,2151,779,511,0.15,S12000049,Glasgow City,S16000122,Glasgow Southside,G41 2JT
S01009887,Govanhill West - 01,552,538,859,959,94,197,928,623,0.03,S12000049,Glasgow City,S16000122,Glasgow Southside,G42 7RE
S01009888,Govanhill West - 02,1146,895,2708,3462,44,748,769,470,0.09,S12000049,Glasgow City,S16000122,Glasgow Southside,G42 8EH
S01009889,Govanhill West - 03,985,629,1276,1713,73,377,920,635,0.13,S12000049,Glasgow City,S16000122,Glasgow Southside,G42 8HL
S01009890,Govanhill West - 04,1151,1233,947,1649,36,717,616,394,0.07,S12000049,Glasgow City,S16000122,Glasgow Southside,G42 7QA
S01009891,Govanhill West - 05,2103,1996.5,2112,2244,45,800,810,557,0.12,S12000049,Glasgow City,S16000122,Glasgow Southside,G42 8YN
S01009892,Govanhill West - 06,582,735,402,429,43,840,789,598,0.06,S12000049,Glasgow City,S16000122,Glasgow Southside,G42 7PY
S01009893,Govanhill West - 07,1807,2424,2118,2391,67,397,864,597,0.07,S12000049,Glasgow City,S16000122,Glasgow Southside,G42 8ND
S01009894,Govanhill East and Aikenhead - 01,504,454,392,770,36,1396,864,583,0.06,S12000049,Glasgow City,S16000122,Glasgow Southside,G42 8ST
S01009895,Govanhill East and Aikenhead - 02,277,480,281,347,43,768,761,524,0.04,S12000049,Glasgow City,S16000122,Glasgow Southside,G42 8SP
S01009896,Govanhill East and Aikenhead - 03,567,536,495,556,38,2001,1167,716,0.04,S12000049,Glasgow City,S16000122,Glasgow Southside,G42 7HJ
S01009897,Govanhill East and Aikenhead - 04,2132,1982,2276,1826,42,1284,962,653,0.07,S12000049,Glasgow City,S16000122,Glasgow Southside,G42 8TB
S01009898,Govanhill East and Aikenhead - 05,679,548.5,930,310,29,1343,682,426,0.10,S12000049,Glasgow City,S16000122,Glasgow Southside,G42 7NX
S01009899,Battlefield - 01,3116,3503,2426,2753,19,2956,821,642,0.09,S12000049,Glasgow City,S16000116,Glasgow Cathcart,G42 9TL
S01009900,Battlefield - 02,5410,4887,5073,5048,12,4293,842,695,0.04,S12000049,Glasgow City,S16000116,Glasgow Cathcart,G42 9RH
S01009901,Battlefield - 03,5978,5572,5522,5446,28,2088,886,735,0.10,S12000049,Glasgow City,S16000116,Glasgow Cathcart,G42 9JP
S01009902,Battlefield - 04,1573,1305,1242,1116,26,2196,859,512,0.11,S12000049,Glasgow City,S16000122,Glasgow Southside,G42 8UN
S01009903,Battlefield - 05,2951,2683,2970,2302,38,1211,839,611,0.18,S12000049,Glasgow City,S16000122,Glasgow Southside,G42 8DD
S01009904,Battlefield - 06,3951,3493,4329,2876,61,462,835,635,0.10,S12000049,Glasgow City,S16000116,Glasgow Cathcart,G42 9QB
S01009905,Strathbungo - 01,1851,2040,2920,3155,79,176,746,554,0.08,S12000049,Glasgow City,S16000122,Glasgow Southside,G42 8EE
S01009906,Strathbungo - 02,2603,3141,3754,3935,54,419,708,546,0.07,S12000049,Glasgow City,S16000122,Glasgow Southside,G42 8NB
S01009907,Strathbungo - 03,1332,1935,1122,1745,46,662,754,609,0.06,S12000049,Glasgow City,S16000122,Glasgow Southside,G42 8NP
S01009908,Strathbungo - 04,4592,4422,4119,4821,48,1153,1037,804,0.11,S12000049,Glasgow City,S16000122,Glasgow Southside,G41 2PX
S01009909,Strathbungo - 05,3525,4300.5,2760,3816,54,754,947,801,0.06,S12000049,Glasgow City,S16000122,Glasgow Southside,G42 8QY
S01009910,Strathbungo - 06,4539,5202,4615.5,4746,32,704,542,443,0.10,S12000049,Glasgow City,S16000122,Glasgow Southside,G42 8BH
S01009911,Strathbungo - 07,5423,4491,5452,3764,24,2866,1004,623,0.20,S12000049,Glasgow City,S16000122,Glasgow Southside,G41 2DF
S01009912,Maxwell Park - 01,4470,3628.5,5092,3215,40,1193,877,537,0.23,S12000049,Glasgow City,S16000122,Glasgow Southside,G41 4PR
S01009913,Maxwell Park - 02,5088,5547,6217,5187,31,1269,704,467,0.20,S12000049,Glasgow City,S16000122,Glasgow Southside,G41 4AP
S01009914,Maxwell Park - 03,5355,4865.5,5659,6139,18,3607,969,608,0.21,S12000049,Glasgow City,S16000122,Glasgow Southside,G41 4RB
S01009915,Maxwell Park - 04,5420,4728,5500,5363,30,1834,866,604,0.28,S12000049,Glasgow City,S16000122,Glasgow Southside,G41 4LA
S01009916,Maxwell Park - 05,4583,4047,4298,4586,12,4733,996,641,0.19,S12000049,Glasgow City,S16000122,Glasgow Southside,G41 4DB
S01009917,Maxwell Park - 06,6738,5982.5,6405,5855,10,4388,725,510,0.24,S12000049,Glasgow City,S16000122,Glasgow Southside,G41 3RY
S01009918,Maxwell Park - 07,6172,5153.5,5002,5639,9,4543,691,453,0.30,S12000049,Glasgow City,S16000122,Glasgow Southside,G41 3SZ
S01009919,Shawlands West - 01,2633,2561,2789,3010,68,635,1095,742,0.13,S12000049,Glasgow City,S16000122,Glasgow Southside,G41 3TY
S01009920,Shawlands West - 02,5694,5438,5447,5067,17,3556,900,764,0.07,S12000049,Glasgow City,S16000122,Glasgow Southside,G41 3XJ
S01009921,Shawlands West - 03,4266,5098,4031,4087,24,1521,608,520,0.08,S12000049,Glasgow City,S16000122,Glasgow Southside,G41 2EX
S01009922,Shawlands West - 04,6060,5635,5375,5698,18,4051,1146,939,0.16,S12000049,Glasgow City,S16000122,Glasgow Southside,G41 3PP
S01009923,Shawlands East - 01,4619,4176,4199,3664,17,3561,902,689,0.15,S12000049,Glasgow City,S16000116,Glasgow Cathcart,G41 3BA
S01009924,Shawlands East - 02,3601,3434,3073,3748,36,1931,1077,851,0.09,S12000049,Glasgow City,S16000116,Glasgow Cathcart,G41 3YF
S01009925,Shawlands East - 03,5187,5141,4599,4356,23,2077,725,638,0.10,S12000049,Glasgow City,S16000116,Glasgow Cathcart,G41 3AL
S01009926,Shawlands East - 04,4855,4068,4954,4669,19,2856,792,594,0.19,S12000049,Glasgow City,S16000116,Glasgow Cathcart,G41 3JX
S01009927,Langside - 01,3416,2989,2979,3228,13,3028,579,390,0.09,S12000049,Glasgow City,S16000116,Glasgow Cathcart,G41 3ED
S01009928,Langside - 02,6445,6029,5955,5629,6,5871,933,683,0.23,S12000049,Glasgow City,S16000116,Glasgow Cathcart,G41 3AU
S01009929,Langside - 03,5860,4647,6071,4619,6,5003,570,347,0.29,S12000049,Glasgow City,S16000116,Glasgow Cathcart,G42 9NA
S01009930,Langside - 04,4891,4153,4346,4783,22,2595,844,690,0.10,S12000049,Glasgow City,S16000116,Glasgow Cathcart,G42 9SX
S01009931,Langside - 05,6715,6253,6140.5,6555,15,3812,867,759,0.10,S12000049,Glasgow City,S16000116,Glasgow Cathcart,G41 3EU
S01009932,Langside - 06,4912,4051,4193,3885,13,3791,745,592,0.15,S12000049,Glasgow City,S16000116,Glasgow Cathcart,G41 3JW
S01009933,Pollokshaws - 01,889,872,457,939,44,1116,932,690,0.05,S12000049,Glasgow City,S16000116,Glasgow Cathcart,G43 1SW
S01009934,Pollokshaws - 02,5150,4494,4456,5243,32,1830,923,634,0.11,S12000049,Glasgow City,S16000116,Glasgow Cathcart,G43 2AT
S01009935,Pollokshaws - 03,112,137,74,94,36,1028,732,477,0.01,S12000049,Glasgow City,S16000116,Glasgow Cathcart,G43 1QD
S01009936,Pollokshaws - 04,844,967,404,507,24,1488,599,444,0.08,S12000049,Glasgow City,S16000122,Glasgow Southside,G41 3RL
S01009937,Pollokshaws - 05,1925,1888,2882,2852,45,214,455,280,0.01,S12000049,Glasgow City,S16000116,Glasgow Cathcart,G43 1NZ
S01009938,Pollokshaws - 06,575,531,377,496,35,1128,745,432,0.16,S12000049,Glasgow City,S16000116,Glasgow Cathcart,G43 1DU
S01009939,Carnwadric West - 01,90,233.5,52,792,42,487,589,434,0.01,S12000049,Glasgow City,S16000116,Glasgow Cathcart,G46 8RJ
S01009940,Carnwadric West - 02,51,69,67.5,148,50,625,800,509,0.03,S12000049,Glasgow City,S16000116,Glasgow Cathcart,G46 8HG
S01009941,Carnwadric West - 03,3833,2921,3905,4303,7,5769,1028,733,0.17,S12000049,Glasgow City,S16000116,Glasgow Cathcart,G46 8JG
S01009942,Carnwadric West - 04,508,592.5,433,542,44,1131,939,632,0.06,S12000049,Glasgow City,S16000116,Glasgow Cathcart,G46 8QZ
S01009943,Carnwadric West - 05,188,181,209,106,82,260,896,609,0.06,S12000049,Glasgow City,S16000116,Glasgow Cathcart,G46 8ND
S01009944,Carnwadric East - 01,2029,1861,2073,1628,26,1886,765,499,0.08,S12000049,Glasgow City,S16000116,Glasgow Cathcart,G43 2UT
S01009945,Carnwadric East - 02,706,348.5,675,1173,35,1588,913,566,0.06,S12000049,Glasgow City,S16000116,Glasgow Cathcart,G43 1EH
S01009946,Carnwadric East - 03,2027,1680,2433,2155,23,2668,902,585,0.06,S12000049,Glasgow City,S16000116,Glasgow Cathcart,G43 1JA
S01009947,Carnwadric East - 04,2123,1817,1847,1846,6,5045,583,371,0.06,S12000049,Glasgow City,S16000116,Glasgow Cathcart,G43 1BY
S01009948,Newlands - 01,395,376,161,604,23,2290,786,517,0.07,S12000049,Glasgow City,S16000116,Glasgow Cathcart,G43 2PT
S01009949,Newlands - 02,2520,1715,2806,2200,17,3540,895,549,0.10,S12000049,Glasgow City,S16000116,Glasgow Cathcart,G43 2YF
S01009950,Newlands - 03,6873,6069,6250,6339,3,6301,688,431,0.29,S12000049,Glasgow City,S16000116,Glasgow Cathcart,G43 2SL
S01009951,Newlands - 04,6819,6365,6560,6651,13,3718,727,464,0.25,S12000049,Glasgow City,S16000116,Glasgow Cathcart,G43 2NU
S01009952,Newlands - 05,5613,4424,4573.5,4880,9,4585,703,417,0.20,S12000049,Glasgow City,S16000116,Glasgow Cathcart,G43 2YB
S01009953,Newlands - 06,5044,4022.5,4618,5669,24,2484,885,555,0.11,S12000049,Glasgow City,S16000116,Glasgow Cathcart,G43 2XG
S01009954,Newlands - 07,3372,2188,3847,3969,45,598,704,475,0.20,S12000049,Glasgow City,S16000116,Glasgow Cathcart,G43 1DB
S01009955,Merrylee and Millbrae - 01,2978,2381,2868,2434,38,1779,1072,688,0.23,S12000049,Glasgow City,S16000116,Glasgow Cathcart,G43 2LZ
S01009956,Merrylee and Millbrae - 02,3007,2176,2676,3040,11,4189,735,476,0.08,S12000049,Glasgow City,S16000116,Glasgow Cathcart,G43 2PW
S01009957,Merrylee and Millbrae - 03,6435,6051,5972.5,6316,20,2452,727,474,0.23,S12000049,Glasgow City,S16000116,Glasgow Cathcart,G43 2EF
S01009958,Merrylee and Millbrae - 04,6548,6138.5,6180,5712,5,6033,885,581,0.12,S12000049,Glasgow City,S16000116,Glasgow Cathcart,G42 9UW
S01009959,Muirend and Old Cathcart - 01,6506,5651,6166,5374,4,5916,644,393,0.24,S12000049,Glasgow City,S16000116,Glasgow Cathcart,G44 3HL
S01009960,Muirend and Old Cathcart - 02,5485,3846,5078,4243,4,6214,842,481,0.14,S12000049,Glasgow City,S16000116,Glasgow Cathcart,G44 3HS
S01009961,Muirend and Old Cathcart - 03,4581,4115,4130,3701,29,1373,691,440,0.12,S12000049,Glasgow City,S16000116,Glasgow Cathcart,G43 2NQ
S01009962,Muirend and Old Cathcart - 04,4072,3533.5,3111,3495,9,5235,959,704,0.14,S12000049,Glasgow City,S16000116,Glasgow Cathcart,G44 3JG
S01009963,Muirend and Old Cathcart - 05,6407,6077,4925,5097,5,5768,734,481,0.21,S12000049,Glasgow City,S16000116,Glasgow Cathcart,G44 3NG
S01009964,Muirend and Old Cathcart - 06,5507,4754,4686,4635,12,4415,878,602,0.13,S12000049,Glasgow City,S16000116,Glasgow Cathcart,G44 3AT
S01009965,Carmunnock North - 01,5126,4985,4035,3851,12,3983.5,744,475,0.19,S12000049,Glasgow City,S16000116,Glasgow Cathcart,G44 5EU
S01009966,Carmunnock North - 02,6130,6239,4941,5047,6,5508,743,467,0.10,S12000049,Glasgow City,S16000116,Glasgow Cathcart,G44 5DX
S01009967,Carmunnock North - 03,5796,4770,5366,5732,17,3069,767,476,0.17,S12000049,Glasgow City,S16000116,Glasgow Cathcart,G44 5TT
S01009968,Carmunnock North - 04,4456,4170,3360,3647,9,4006,564,372,0.10,S12000049,Glasgow City,S16000116,Glasgow Cathcart,G44 5DY
S01009969,Carmunnock South - 01,5916,5798,6178.5,5649,9,5119,905,540,0.14,S12000049,Glasgow City,S16000116,Glasgow Cathcart,G76 9AS
S01009970,Carmunnock South - 02,320,192,356,473,29,2202,961,619,0.06,S12000049,Glasgow City,S16000116,Glasgow Cathcart,G45 9RS
S01009971,Carmunnock South - 03,451,579,394,451,43,1477,1069,711,0.04,S12000049,Glasgow City,S16000116,Glasgow Cathcart,G45 0QG
S01009972,Carmunnock South - 04,2002,1467,2477,2057,52,702,880,512,0.08,S12000049,Glasgow City,S16000116,Glasgow Cathcart,G45 9SR
S01009973,Glenwood South - 01,3217,2925,3027,2906,8,4856.5,702,503,0.05,S12000049,Glasgow City,S16000116,Glasgow Cathcart,G45 0QF
S01009974,Glenwood South - 02,297,199,365,364,22,1879,645,430,0.04,S12000049,Glasgow City,S16000116,Glasgow Cathcart,G45 9PJ
S01009975,Glenwood South - 03,13,15,28,17,59,461,807,514,0.04,S12000049,Glasgow City,S16000116,Glasgow Cathcart,G45 9UX
S01009976,Glenwood South - 04,37,41,51,36,4,5403,471,314,0.02,S12000049,Glasgow City,S16000116,Glasgow Cathcart,G45 9LB
S01009977,Glenwood South - 05,27,43,14,39,49,829,895,603,0.06,S12000049,Glasgow City,S16000116,Glasgow Cathcart,G45 9JQ
S01009978,Glenwood South - 06,202,245,319,117,33,1968,1001,702,0.02,S12000049,Glasgow City,S16000116,Glasgow Cathcart,G45 0ES
S01009979,Glenwood South - 07,96,70,53,883,21,1468,518,299,0.09,S12000049,Glasgow City,S16000116,Glasgow Cathcart,G45 0PW
S01009980,Glenwood North - 01,44,21,94,7,58,256,629,389,0.05,S12000049,Glasgow City,S16000116,Glasgow Cathcart,G45 9US
S01009981,Glenwood North - 02,267,244,289,110,22,2064,691,461,0.06,S12000049,Glasgow City,S16000116,Glasgow Cathcart,G45 0AH
S01009982,Glenwood North - 03,683,1004,598,236,43,1279,981,683,0.04,S12000049,Glasgow City,S16000116,Glasgow Cathcart,G45 0BE
S01009983,Glenwood North - 04,151,159,267,225,32,1001,642,452,0.06,S12000049,Glasgow City,S16000116,Glasgow Cathcart,G45 0DY
S01009984,Glenwood North - 05,1260,869,1558,1847,31,1300,715,492,0.07,S12000049,Glasgow City,S16000116,Glasgow Cathcart,G45 0BY
S01009985,Glenwood North - 06,105,66,158,168,39,642,631,414,0.04,S12000049,Glasgow City,S16000116,Glasgow Cathcart,G45 0EX
S01009986,Castlemilk - 01,93,48,97,267,26,921,500,318,0.03,S12000049,Glasgow City,S16000116,Glasgow Cathcart,G45 9HG
S01009987,Castlemilk - 02,781,463,853,470,23,2417,823,518,0.06,S12000049,Glasgow City,S16000116,Glasgow Cathcart,G45 9BL
S01009988,Castlemilk - 03,278,134,181,417,8,3773,456,291,0.10,S12000049,Glasgow City,S16000116,Glasgow Cathcart,G45 9EN
S01009989,Castlemilk - 04,2251,2744,1988,2006,17,3413,857,584,0.05,S12000049,Glasgow City,S16000116,Glasgow Cathcart,G44 5JT
S01009990,Castlemilk - 05,3466,3094,2898.5,3196,11,4182,734,515,0.08,S12000049,Glasgow City,S16000116,Glasgow Cathcart,G44 5LA
S01009991,Castlemilk - 06,3009,2628,3138,3289,9,4829,780,539,0.04,S12000049,Glasgow City,S16000116,Glasgow Cathcart,G44 5LY
S01009992,Castlemilk - 07,494,331,518,513,38,890,718,443,0.08,S12000049,Glasgow City,S16000116,Glasgow Cathcart,G45 9TX
S01009993,Kingspark South - 01,3886,3226,4033,3843,16,3632,870,588,0.09,S12000049,Glasgow City,S16000116,Glasgow Cathcart,G44 5RT
S01009994,Kingspark South - 02,4221,3713,4072,3994,10,4087,645,429,0.08,S12000049,Glasgow City,S16000116,Glasgow Cathcart,G44 5RG
S01009995,Kingspark South - 03,3702,3701.5,3727,3612,15,2806,614,431,0.08,S12000049,Glasgow City,S16000116,Glasgow Cathcart,G44 5QD
S01009996,Kingspark South - 04,3161,2378,3726,3069,15,3411,756,497,0.06,S12000049,Glasgow City,S16000116,Glasgow Cathcart,G44 5NA
S01009997,Kingspark South - 05,3597,3443,3791.5,3594,11,3612,593,415,0.08,S12000049,Glasgow City,S16000116,Glasgow Cathcart,G44 5PF
S01009998,Kingspark South - 06,4694,4064,4356,3961,23,1687,627,397,0.19,S12000049,Glasgow City,S16000116,Glasgow Cathcart,G44 5UT
S01009999,Kingspark North - 01,5226,4621,5121,4840,7,5014,670,424,0.13,S12000049,Glasgow City,S16000116,Glasgow Cathcart,G44 4JA
S01010000,Kingspark North - 02,3796,3836.5,3459,2733,13,3039,582,406,0.12,S12000049,Glasgow City,S16000116,Glasgow Cathcart,G44 4NW
S01010001,Kingspark North - 03,3284,2405,3489,3218,22,2623,852,522,0.11,S12000049,Glasgow City,S16000116,Glasgow Cathcart,G44 4JG
S01010002,Kingspark North - 04,3631,3300,3182,3043,12,3918,726,489,0.14,S12000049,Glasgow City,S16000116,Glasgow Cathcart,G44 4PU
S01010003,Kingspark North - 05,4804,4487,4090,3960,10,4147.5,660,421,0.11,S12000049,Glasgow City,S16000116,Glasgow Cathcart,G44 4PT
S01010004,Kingspark North - 06,5807,4868,5149,5134,14,3371,696,419,0.19,S12000049,Glasgow City,S16000116,Glasgow Cathcart,G44 4HU
S01010005,Cathcart - 01,2138,2708,1662,1411,21,2331,725,554,0.12,S12000049,Glasgow City,S16000116,Glasgow Cathcart,G44 4BA
S01010006,Cathcart - 02,2921,2932,2362,2654,16,4324,1135,889,0.09,S12000049,Glasgow City,S16000116,Glasgow Cathcart,G42 9EF
S01010007,Cathcart - 03,5349,4340,4659,4289,15,3981,929,632,0.18,S12000049,Glasgow City,S16000116,Glasgow Cathcart,G44 4SZ
S01010008,Cathcart - 04,2094,3167,2391,1854,17,3076,768,512,0.00,S12000049,Glasgow City,S16000116,Glasgow Cathcart,G44 4DU
S01010009,Cathcart - 05,2142,2774.5,1261,2333,25,1552,642,536,0.10,S12000049,Glasgow City,S16000116,Glasgow Cathcart,G44 4EJ
S01010010,Cathcart - 06,5105,4237,4854,4312,27,2735,1079,722,0.18,S12000049,Glasgow City,S16000116,Glasgow Cathcart,G44 5AQ
S01010011,Mount Florida - 01,1503,1234,1392,759,22,2199,728,518,0.09,S12000049,Glasgow City,S16000116,Glasgow Cathcart,G42 9EU
S01010012,Mount Florida - 02,4574,4030,3891,4215,11,4659,884,545,0.14,S12000049,Glasgow City,S16000116,Glasgow Cathcart,G44 4QY
S01010013,Mount Florida - 03,2229,2210,1789,2583,64,479,889,675,0.09,S12000049,Glasgow City,S16000116,Glasgow Cathcart,G42 9HF
S01010014,Mount Florida - 04,3626,3154,3210,3583,33,2106,1052,762,0.19,S12000049,Glasgow City,S16000116,Glasgow Cathcart,G42 9AJ
S01010015,Mount Florida - 05,4484,4384,3776,3913,17,3160,787,655,0.08,S12000049,Glasgow City,S16000116,Glasgow Cathcart,G42 9XW
S01010016,Toryglen and Oatlands - 01,1740,1206,1725,1261,11,4078,707,452,0.12,S12000049,Glasgow City,S16000122,Glasgow Southside,G42 0DW
S01010017,Toryglen and Oatlands - 02,806,525,804,965,19,2828,784,482,0.10,S12000049,Glasgow City,S16000122,Glasgow Southside,G42 0EW
S01010018,Toryglen and Oatlands - 03,1432,1141,1362,1391,44,1650,1183,767,0.04,S12000049,Glasgow City,S16000122,Glasgow Southside,G42 0EQ
S01010019,Toryglen and Oatlands - 04,65,67,104,51,52,473,719,451,0.05,S12000049,Glasgow City,S16000122,Glasgow Southside,G42 0JS
S01010020,Toryglen and Oatlands - 05,1631,1243,1601,1224,16,3144,737,452,0.08,S12000049,Glasgow City,S16000122,Glasgow Southside,G42 0AA
S01010021,Toryglen and Oatlands - 06,553,675,1198,233,104,31,473,326,0.10,S12000049,Glasgow City,S16000122,Glasgow Southside,G42 0HU
S01010022,Toryglen and Oatlands - 07,1635,2138,2400,2421,76,1174,1658,1221,0.09,S12000049,Glasgow City,S16000122,Glasgow Southside,G5 0LF
S01010023,Gorbals and Hutchesontown - 01,36,8,40,41,38,714,648,401,0.05,S12000049,Glasgow City,S16000122,Glasgow Southside,G5 0JQ
S01010024,Gorbals and Hutchesontown - 02,658,752,541,326,51,674,846,582,0.04,S12000049,Glasgow City,S16000122,Glasgow Southside,G5 0QH
S01010025,Gorbals and Hutchesontown - 03,323,446,148,345,38,516,550,368,0.20,S12000049,Glasgow City,S16000122,Glasgow Southside,G5 0RB
S01010026,Gorbals and Hutchesontown - 04,828,1060,662,695,66,545,974,763,0.03,S12000049,Glasgow City,S16000122,Glasgow Southside,G5 0UR
S01010027,Gorbals and Hutchesontown - 05,2358,2025,2680,1989,29,2190,956,714,0.08,S12000049,Glasgow City,S16000122,Glasgow Southside,G5 0RX
S01010028,Gorbals and Hutchesontown - 06,490,435,498,268,23,1890,677,437,0.11,S12000049,Glasgow City,S16000122,Glasgow Southside,G5 0NZ
S01010029,Gorbals and Hutchesontown - 07,198,136,136,171,20,2261,677,414,0.08,S12000049,Glasgow City,S16000122,Glasgow Southside,G5 0SU
S01010030,Gorbals and Hutchesontown - 08,3584,3237,3653,3693,38,1252,857,674,0.13,S12000049,Glasgow City,S16000122,Glasgow Southside,G5 0SQ
S01010031,Laurieston and Tradeston - 01,2900,4345,2591,3634,79,243,842,769,0.02,S12000049,Glasgow City,S16000122,Glasgow Southside,G5 8EB
S01010032,Laurieston and Tradeston - 02,1148,3556,1319,405,193,28,845,791,0.12,S12000049,Glasgow City,S16000122,Glasgow Southside,G5 9TS
S01010033,Laurieston and Tradeston - 03,651,926,476,852,124,142,1073,748,0.04,S12000049,Glasgow City,S16000122,Glasgow Southside,G42 7DE
S01010034,Laurieston and Tradeston - 04,846,1025,1121,526,94,493,1326,946,0.04,S12000049,Glasgow City,S16000122,Glasgow Southside,G5 9QA
S01010035,Laurieston and Tradeston - 05,3359,4982,4508,5871,50,361.5,620,449,0.01,S12000049,Glasgow City,S16000122,Glasgow Southside,G5 9AQ
S01010036,Laurieston and Tradeston - 06,6769,6902,6761,6953,10,5185,1041,988,0.42,S12000049,Glasgow City,S16000122,Glasgow Southside,G5 8JZ
S01010037,Calton and Gallowgate - 01,157,140,331,125,55,320,657,417,0.01,S12000049,Glasgow City,S16000121,Glasgow Shettleston,G40 2AH
S01010038,Calton and Gallowgate - 02,650,811,676,385,100,175,940,675,0.03,S12000049,Glasgow City,S16000121,Glasgow Shettleston,G4 0TT
S01010039,Calton and Gallowgate - 03,3766,5332,4441,4852,80,480,1113,1036,0.14,S12000049,Glasgow City,S16000121,Glasgow Shettleston,G1 5AP
S01010040,Calton and Gallowgate - 04,3513,4427,4082,3280,86,252,930,785,0.08,S12000049,Glasgow City,S16000121,Glasgow Shettleston,G40 1EE
S01010041,Calton and Gallowgate - 05,1933,2974,1880,2085,69,281,788,687,0.03,S12000049,Glasgow City,S16000121,Glasgow Shettleston,G1 5LD
S01010042,Bridgeton - 01,2593,2740,2712,2627,59,1466,1455,1194,0.07,S12000049,Glasgow City,S16000121,Glasgow Shettleston,G40 1DS
S01010043,Bridgeton - 02,497,901,422,354,52,520,755,564,0.05,S12000049,Glasgow City,S16000121,Glasgow Shettleston,G40 1HR
S01010044,Bridgeton - 03,1213,1133,1384,581,37,2116,1183,828,0.04,S12000049,Glasgow City,S16000121,Glasgow Shettleston,G40 1HH
S01010045,Bridgeton - 04,122,18,231,202,18,2249,606,340,0.05,S12000049,Glasgow City,S16000121,Glasgow Shettleston,G40 3SR
S01010046,Dalmarnock - 01,82,111,101,22,54,517,782,540,0.04,S12000049,Glasgow City,S16000121,Glasgow Shettleston,G40 4BG
S01010047,Dalmarnock - 02,31,55,36,90,28,1772,787,542,0.04,S12000049,Glasgow City,S16000121,Glasgow Shettleston,G40 4LX
S01010048,Dalmarnock - 03,425,342,566,368,70,1915,2081,1336,0.06,S12000049,Glasgow City,S16000121,Glasgow Shettleston,G40 4QB
S01010049,Parkhead West and Barrowfield - 01,303,292,450,343,43,1031,875,584,0.05,S12000049,Glasgow City,S16000121,Glasgow Shettleston,G31 5BN
S01010050,Parkhead West and Barrowfield - 02,360,412,547,458,95,916,1822,1162,0.04,S12000049,Glasgow City,S16000121,Glasgow Shettleston,G40 3LH
S01010051,Parkhead West and Barrowfield - 03,232,303,186,241,44,850,812,547,0.02,S12000049,Glasgow City,S16000121,Glasgow Shettleston,G31 4NQ
S01010052,Parkhead West and Barrowfield - 04,328,1093,320,193,199,25,848,639,0.04,S12000049,Glasgow City,S16000121,Glasgow Shettleston,G31 4EQ
S01010053,Parkhead West and Barrowfield - 05,930,848,1669,710,52,919,999,690,0.03,S12000049,Glasgow City,S16000121,Glasgow Shettleston,G40 3ED
S01010054,Parkhead West and Barrowfield - 06,28,79,115,20,48,409,626,399,0.04,S12000049,Glasgow City,S16000121,Glasgow Shettleston,G40 3SD
S01010055,Parkhead West and Barrowfield - 07,97,298,69,10,160,103,1219,849,0.05,S12000049,Glasgow City,S16000121,Glasgow Shettleston,G40 2BN
S01010056,Parkhead East and Braidfauld North - 01,101,168,253,96,45,332,544,369,0.01,S12000049,Glasgow City,S16000121,Glasgow Shettleston,G31 5LA
S01010057,Parkhead East and Braidfauld North - 02,901,734,1602,1133,31,770,549,370,0.01,S12000049,Glasgow City,S16000121,Glasgow Shettleston,G31 5LN
S01010058,Parkhead East and Braidfauld North - 03,659,1172,740,423,40,989,797,609,0.02,S12000049,Glasgow City,S16000121,Glasgow Shettleston,G31 4HF
S01010059,Parkhead East and Braidfauld North - 04,1775,2735,1943,1693,53,319,633,503,0.08,S12000049,Glasgow City,S16000121,Glasgow Shettleston,G31 4XX
S01010060,Parkhead East and Braidfauld North - 05,801,1146,551,660,47,1161,1020,729,0.04,S12000049,Glasgow City,S16000121,Glasgow Shettleston,G31 4UR
S01010061,Braidfauld - 01,2407,2995,2044,1258,23,1286,527,381,0.14,S12000049,Glasgow City,S16000121,Glasgow Shettleston,G32 8HQ
S01010062,Braidfauld - 02,622,338,1053,476,46,786,822,523,0.05,S12000049,Glasgow City,S16000121,Glasgow Shettleston,G32 7SD
S01010063,Braidfauld - 03,236,506,270,61,52,777,925,669,0.04,S12000049,Glasgow City,S16000121,Glasgow Shettleston,G32 8LA
S01010064,Braidfauld - 04,1782,1500,1625,1557,17,2007,524,343,0.07,S12000049,Glasgow City,S16000121,Glasgow Shettleston,G32 8PL
S01010065,Braidfauld - 05,342,626.5,385,307,33,1562,851,588,0.03,S12000049,Glasgow City,S16000121,Glasgow Shettleston,G32 8RY
S01010066,Braidfauld - 06,421,501,794,400,37,1056,759,517,0.05,S12000049,Glasgow City,S16000121,Glasgow Shettleston,G32 8SQ
S01010067,Braidfauld - 07,118,54,364,120,29,1177,633,373,0.05,S12000049,Glasgow City,S16000121,Glasgow Shettleston,G32 8RR
S01010068,Braidfauld - 08,2339,2324,2620,2264,46,1773,1293,906,0.08,S12000049,Glasgow City,S16000121,Glasgow Shettleston,G31 4QJ
S01010069,Shettleston South - 01,3454,3876,3256,1923,22,2598,845,605,0.08,S12000049,Glasgow City,S16000121,Glasgow Shettleston,G32 8RN
S01010070,Shettleston South - 02,4905,5131,4332,3008,3,6222,636,476,0.06,S12000049,Glasgow City,S16000121,Glasgow Shettleston,G32 8DF
S01010071,Shettleston South - 03,2501,2781,2539,1246,45,862,834,591,0.13,S12000049,Glasgow City,S16000121,Glasgow Shettleston,G32 8EY
S01010072,Shettleston South - 04,2111,2311,1924,1487,24,2154,780,520,0.08,S12000049,Glasgow City,S16000121,Glasgow Shettleston,G32 7SJ
S01010073,Shettleston South - 05,3783,3465,3706,2267,18,2911,764,486,0.08,S12000049,Glasgow City,S16000121,Glasgow Shettleston,G32 9TU
S01010074,Carmyle and Mount Vernon South - 01,3520,3378.5,4306,2558,22,2131,708,423,0.09,S12000049,Glasgow City,S16000121,Glasgow Shettleston,G32 8HW
S01010075,Carmyle and Mount Vernon South - 02,1896,1616,2221,1040,3,6258,659,359,0.07,S12000049,Glasgow City,S16000121,Glasgow Shettleston,G32 8BG
S01010076,Carmyle and Mount Vernon South - 03,1719,1959,1894,1094,7,4925,637,422,0.04,S12000049,Glasgow City,S16000121,Glasgow Shettleston,G32 8AH
S01010077,Carmyle and Mount Vernon South - 04,815,793,1083,482,21,1925,627,396,0.06,S12000049,Glasgow City,S16000121,Glasgow Shettleston,G32 8BY
S01010078,Mount Vernon North and Sandyhills - 01,4313,5116,4858,3778,8,4483,599,418,0.09,S12000049,Glasgow City,S16000121,Glasgow Shettleston,G69 7NB
S01010079,Mount Vernon North and Sandyhills - 02,5942,6020,6013,4582,5,5990,848,549,0.12,S12000049,Glasgow City,S16000121,Glasgow Shettleston,G32 9HZ
S01010080,Mount Vernon North and Sandyhills - 03,5733,5507,5511,4043,4,5969,669,387,0.11,S12000049,Glasgow City,S16000121,Glasgow Shettleston,G32 9JS
S01010081,Mount Vernon North and Sandyhills - 04,5208,4497,4839,3897,4,5903,638,386,0.14,S12000049,Glasgow City,S16000121,Glasgow Shettleston,G32 0SD
S01010082,Mount Vernon North and Sandyhills - 05,3621,3741,3302,3223,10,4654,803,529,0.09,S12000049,Glasgow City,S16000121,Glasgow Shettleston,G32 8JE
S01010083,Baillieston West - 01,1038,1126,1101,1148,18,2799,735,451,0.03,S12000049,Glasgow City,S16000121,Glasgow Shettleston,G69 7AT
S01010084,Baillieston West - 02,752,851,861,440,51,601,802,511,0.08,S12000049,Glasgow City,S16000121,Glasgow Shettleston,G69 7DU
S01010085,Baillieston West - 03,4044,4296,4071,3301,20,2431,720,449,0.11,S12000049,Glasgow City,S16000121,Glasgow Shettleston,G69 7NN
S01010086,Baillieston West - 04,365,456,484,84,36,1415,870,542,0.09,S12000049,Glasgow City,S16000121,Glasgow Shettleston,G69 7JJ
S01010087,Baillieston West - 05,4242,3810,4525,3518,8,4217,542,298,0.08,S12000049,Glasgow City,S16000121,Glasgow Shettleston,G69 7LQ
S01010088,Baillieston East - 01,5565,5787,5981,5393,14,5667,1916,1339,0.13,S12000049,Glasgow City,S16000121,Glasgow Shettleston,G71 7UL
S01010089,Baillieston East - 02,1430,1986,1306,620,29,1386,694,477,0.09,S12000049,Glasgow City,S16000121,Glasgow Shettleston,G69 7JZ
S01010090,Baillieston East - 03,3384,3327,3729,2116,15,4266,1041,701,0.09,S12000049,Glasgow City,S16000121,Glasgow Shettleston,G69 7EX
S01010091,Baillieston East - 04,4035,4474,4096,3828,13,4444,963,699,0.09,S12000049,Glasgow City,S16000121,Glasgow Shettleston,G71 7SH
S01010092,Baillieston East - 05,481,268,739,286,30,2013,926,550,0.11,S12000049,Glasgow City,S16000121,Glasgow Shettleston,G69 7JG
S01010093,Baillieston East - 06,3073,3196,2773,2448,19,2932,812,533,0.09,S12000049,Glasgow City,S16000121,Glasgow Shettleston,G69 6QR
S01010094,Garrowhill West - 01,4380,4332,4017,3292,13,3468,667,426,0.16,S12000049,Glasgow City,S16000121,Glasgow Shettleston,G69 6DB
S01010095,Garrowhill West - 02,5009,5615,5142,4205,NA,6505,613,396,0.10,S12000049,Glasgow City,S16000121,Glasgow Shettleston,G69 6RW
S01010096,Garrowhill West - 03,4112,4849,4136,3332,13,3490,672,472,0.07,S12000049,Glasgow City,S16000121,Glasgow Shettleston,G69 6SS
S01010097,Garrowhill West - 04,4042,4191,4028.5,3600,14,3502,727,490,0.08,S12000049,Glasgow City,S16000121,Glasgow Shettleston,G69 6NZ
S01010098,Garrowhill West - 05,4429,4939,4118,3529,21,2432,756,517,0.09,S12000049,Glasgow City,S16000121,Glasgow Shettleston,G69 6ES
S01010099,Garrowhill West - 06,5607,5149,5545.5,5014,11,3976,680,438,0.13,S12000049,Glasgow City,S16000121,Glasgow Shettleston,G69 6LR
S01010100,Garrowhill East and Swinton - 01,3639,3742,3589,2559,16,3444,815,497,0.15,S12000049,Glasgow City,S16000121,Glasgow Shettleston,G69 6JR
S01010101,Garrowhill East and Swinton - 02,4212,4386,4227,2909,3,6281,675,403,0.13,S12000049,Glasgow City,S16000121,Glasgow Shettleston,G69 6DP
S01010102,Garrowhill East and Swinton - 03,5113,5323,5098,4904,NA,6857,861,667,0.13,S12000049,Glasgow City,S16000121,Glasgow Shettleston,G69 6SD
S01010103,Garrowhill East and Swinton - 04,4987,5302,5308,5024,19,3590,1017,744,0.17,S12000049,Glasgow City,S16000121,Glasgow Shettleston,G69 6GX
S01010104,Garrowhill East and Swinton - 05,5024,4513,5601,4447,19,3285,918,695,0.09,S12000049,Glasgow City,S16000121,Glasgow Shettleston,G69 6FD
S01010105,Easterhouse East - 01,347,696,420,92,30,498,424,302,0.02,S12000049,Glasgow City,S16000147,Glasgow Provan,G34 0EZ
S01010106,Easterhouse East - 02,1002,1193,915,1071,13,995,260,161,0.07,S12000049,Glasgow City,S16000147,Glasgow Provan,G34 0BP
S01010107,Easterhouse East - 03,720,1032,1006,557,22,2469.5,804,568,0.01,S12000049,Glasgow City,S16000147,Glasgow Provan,G34 9RH
S01010108,Easterhouse East - 04,638,940,610,217,15,3306,729,495,0.06,S12000049,Glasgow City,S16000147,Glasgow Provan,G34 0AN
S01010109,Easterhouse East - 05,1072,1528,1321,744,35,1571,907,649,0.07,S12000049,Glasgow City,S16000147,Glasgow Provan,G34 0JF
S01010110,Central Easterhouse - 01,248,193,239,220,33,1365,782,499,0.03,S12000049,Glasgow City,S16000147,Glasgow Provan,G34 0NJ
S01010111,Central Easterhouse - 02,50,60,95,14,28,1662,756,494,0.03,S12000049,Glasgow City,S16000147,Glasgow Provan,G34 0LQ
S01010112,Central Easterhouse - 03,176,301.5,207,50,36,1564,929,647,0.02,S12000049,Glasgow City,S16000147,Glasgow Provan,G34 9LA
S01010113,"Garthamlock, Auchinlea and Gartloch - 01",226,251,229,190,31,1164,674,427,0.06,S12000049,Glasgow City,S16000147,Glasgow Provan,G34 9QG
S01010114,"Garthamlock, Auchinlea and Gartloch - 02",16,44,41,13,60,335,726,483,0.01,S12000049,Glasgow City,S16000147,Glasgow Provan,G34 9PW
S01010115,"Garthamlock, Auchinlea and Gartloch - 03",2557,2641.5,2845,2191,7,4809,602,435,0.06,S12000049,Glasgow City,S16000147,Glasgow Provan,G33 5HS
S01010116,"Garthamlock, Auchinlea and Gartloch - 04",3469,3821.5,3415,2721,16,4437,1182,842,0.11,S12000049,Glasgow City,S16000147,Glasgow Provan,G33 5DB
S01010117,"Garthamlock, Auchinlea and Gartloch - 05",5072,5736,5589,5215,55,1531,1401,990,0.12,S12000049,Glasgow City,S16000147,Glasgow Provan,G34 9JW
S01010118,North Barlanark and Easterhouse South - 01,39,76,175,44,50,742,868,553,0.03,S12000049,Glasgow City,S16000147,Glasgow Provan,G33 4HE
S01010119,North Barlanark and Easterhouse South - 02,519,905,667,252,12,3074,542,383,0.05,S12000049,Glasgow City,S16000147,Glasgow Provan,G34 9AN
S01010120,North Barlanark and Easterhouse South - 03,125,158,358,122,41,1476,1019,724,0.04,S12000049,Glasgow City,S16000147,Glasgow Provan,G33 4EU
S01010121,North Barlanark and Easterhouse South - 04,55,100,144,46,17,2347,591,405,0.02,S12000049,Glasgow City,S16000147,Glasgow Provan,G33 4LY
S01010122,North Barlanark and Easterhouse South - 05,10,72,15,9,75,85,511,373,0.02,S12000049,Glasgow City,S16000147,Glasgow Provan,G34 9BY
S01010123,Barlanark - 01,275,138,451,436,12,3671,659,408,0.06,S12000049,Glasgow City,S16000121,Glasgow Shettleston,G33 4UA
S01010124,Barlanark - 02,2533,2467,2816,2593,5,5455,603,414,0.04,S12000049,Glasgow City,S16000121,Glasgow Shettleston,G33 4SY
S01010125,Barlanark - 03,1681,1548,2092,1892,18,1816,516,341,0.04,S12000049,Glasgow City,S16000121,Glasgow Shettleston,G33 4UX
S01010126,Barlanark - 04,1453,1373,1594,720,14,3289,678,453,0.13,S12000049,Glasgow City,S16000147,Glasgow Provan,G32 0JP
S01010127,Barlanark - 05,363,401,225,246,8,4636,639,407,0.03,S12000049,Glasgow City,S16000121,Glasgow Shettleston,G33 4QS
S01010128,Barlanark - 06,83,47,326,37,24,1185,525,334,0.05,S12000049,Glasgow City,S16000121,Glasgow Shettleston,G33 4RF
S01010129,Barlanark - 07,33,59,124,27,31,1278,707,491,0.05,S12000049,Glasgow City,S16000121,Glasgow Shettleston,G33 3NE
S01010130,Barlanark - 08,518,682.5,960,288,16,1533,408,249,0.03,S12000049,Glasgow City,S16000121,Glasgow Shettleston,G33 4RJ
S01010131,Greenfield - 01,4902,3914,5041,3063,9,5157,922,550,0.16,S12000049,Glasgow City,S16000121,Glasgow Shettleston,G32 0EJ
S01010132,Greenfield - 02,594,680,584,454,39,1510,981,616,0.04,S12000049,Glasgow City,S16000147,Glasgow Provan,G32 6XW
S01010133,Greenfield - 03,91,114,81,109,49,499,693,430,0.05,S12000049,Glasgow City,S16000147,Glasgow Provan,G32 6QL
S01010134,Greenfield - 04,809,738,883,316,32,2039,996,627,0.06,S12000049,Glasgow City,S16000147,Glasgow Provan,G32 6XP
S01010135,Greenfield - 05,714,493,701,489,15,3392,751,455,0.07,S12000049,Glasgow City,S16000147,Glasgow Provan,G32 0DT
S01010136,Greenfield - 06,2600,2507,2363,1926,10,4695,817,562,0.06,S12000049,Glasgow City,S16000147,Glasgow Provan,G32 0LW
S01010137,Shettleston North - 01,719,392,680,477,33,1698,903,552,0.06,S12000049,Glasgow City,S16000121,Glasgow Shettleston,G32 9EH
S01010138,Shettleston North - 02,24,22,1,5,80,323,957,668,0.04,S12000049,Glasgow City,S16000121,Glasgow Shettleston,G32 9HW
S01010139,Shettleston North - 03,671,670,587,503,36,1818,1033,674,0.05,S12000049,Glasgow City,S16000121,Glasgow Shettleston,G32 9AH
S01010140,Shettleston North - 04,2013,2590,2231,1273,67,375,842,635,0.05,S12000049,Glasgow City,S16000147,Glasgow Provan,G32 0HS
S01010141,Shettleston North - 05,127,132,146,88,48,945,936,632,0.03,S12000049,Glasgow City,S16000121,Glasgow Shettleston,G32 7XY
S01010142,Tollcross - 01,361,542,350,64,32,1085,667,460,0.05,S12000049,Glasgow City,S16000121,Glasgow Shettleston,G32 7XQ
S01010143,Tollcross - 02,1400,1027,1217,819,11,4245,755,463,0.11,S12000049,Glasgow City,S16000121,Glasgow Shettleston,G32 7UZ
S01010144,Tollcross - 03,816,1148,840,548,45,794,808,554,0.05,S12000049,Glasgow City,S16000121,Glasgow Shettleston,G32 7AT
S01010145,Tollcross - 04,1678,2044,1573,1787,28,2105,892,618,0.03,S12000049,Glasgow City,S16000121,Glasgow Shettleston,G32 7XJ
S01010146,Tollcross - 05,525,528,590,141,44,755,772,582,0.09,S12000049,Glasgow City,S16000121,Glasgow Shettleston,G32 7EW
S01010147,Old Shettleston and Parkhead North - 01,160,243,267,98,72,469,992,694,0.03,S12000049,Glasgow City,S16000121,Glasgow Shettleston,G32 7HD
S01010148,Old Shettleston and Parkhead North - 02,265,337,783,166,73,492,1029,672,0.05,S12000049,Glasgow City,S16000147,Glasgow Provan,G32 6EH
S01010149,Old Shettleston and Parkhead North - 03,1817,1916,2561,578,34,2363,1188,825,0.05,S12000049,Glasgow City,S16000147,Glasgow Provan,G32 6FW
S01010150,Old Shettleston and Parkhead North - 04,85,73,171,86,33,1209,728,435,0.03,S12000049,Glasgow City,S16000147,Glasgow Provan,G32 6PT
S01010151,Old Shettleston and Parkhead North - 05,238,84,312,387,11,3745,622,355,0.02,S12000049,Glasgow City,S16000147,Glasgow Provan,G32 6PF
S01010152,Carntyne - 01,1955,1700,1948,1302,34,1454,835,534,0.17,S12000049,Glasgow City,S16000147,Glasgow Provan,G33 2HE
S01010153,Carntyne - 02,577,838,575,56,31,1935,929,591,0.07,S12000049,Glasgow City,S16000147,Glasgow Provan,G33 9BN
S01010154,Carntyne - 03,385,339,278,208,23,2763,927,519,0.04,S12000049,Glasgow City,S16000147,Glasgow Provan,G33 2LU
S01010155,Carntyne - 04,1337,1065,1621,719,16,3211,755,453,0.06,S12000049,Glasgow City,S16000147,Glasgow Provan,G32 6LN
S01010156,"Cranhill, Lightburn and Queenslie South - 0",619,813,928,205,16,2133,515,343,0.01,S12000049,Glasgow City,S16000147,Glasgow Provan,G33 3BA
S01010157,"Cranhill, Lightburn and Queenslie South - 0",123,33,201,147,32,853,591,342,0.09,S12000049,Glasgow City,S16000147,Glasgow Provan,G33 3DZ
S01010158,"Cranhill, Lightburn and Queenslie South - 0",1156,969,1154,861,53,797,953,596,0.06,S12000049,Glasgow City,S16000147,Glasgow Provan,G33 3QA
S01010159,"Cranhill, Lightburn and Queenslie South - 0",676,548.5,393,600,35,1069,724,428,0.11,S12000049,Glasgow City,S16000147,Glasgow Provan,G32 0BP
S01010160,"Cranhill, Lightburn and Queenslie South - 0",128,326,78,143,61,183,583,441,0.06,S12000049,Glasgow City,S16000147,Glasgow Provan,G33 3JE
S01010161,"Cranhill, Lightburn and Queenslie South - 0",1676,2272,1668,1383,50,361.5,620,472,0.06,S12000049,Glasgow City,S16000147,Glasgow Provan,G33 3LQ
S01010162,"Cranhill, Lightburn and Queenslie South - 0",104,16,106,1187,37,1462,911,475,0.03,S12000049,Glasgow City,S16000147,Glasgow Provan,G33 3NR
S01010163,"Cranhill, Lightburn and Queenslie South - 0",66,160,87,21,46,560,688,473,0.07,S12000049,Glasgow City,S16000147,Glasgow Provan,G33 3HR
S01010164,"Cranhill, Lightburn and Queenslie South - 0",648,499,790,401,29,1928,867,517,0.07,S12000049,Glasgow City,S16000147,Glasgow Provan,G32 0AE
S01010165,Craigend and Ruchazie - 01,156,225,198,184,47,448,633,405,0.04,S12000049,Glasgow City,S16000147,Glasgow Provan,G33 3JX
S01010166,Craigend and Ruchazie - 02,1488,1591,1928,1106,23,3292,1114,700,0.06,S12000049,Glasgow City,S16000147,Glasgow Provan,G33 5EX
S01010167,Craigend and Ruchazie - 03,164,155,188,247,21,2587,804,418,0.02,S12000049,Glasgow City,S16000147,Glasgow Provan,G33 5QA
S01010168,Craigend and Ruchazie - 04,1196,779,1380,1417,13,2572,495,318,0.05,S12000049,Glasgow City,S16000147,Glasgow Provan,G33 3TT
S01010169,Craigend and Ruchazie - 05,381,409,631,491,40,1078,831,546,0.07,S12000049,Glasgow City,S16000147,Glasgow Provan,G33 3SJ
S01010170,Craigend and Ruchazie - 06,408,534,629,329,31,634,499,314,0.06,S12000049,Glasgow City,S16000147,Glasgow Provan,G33 5QB
S01010171,Craigend and Ruchazie - 07,155,263,228,189,64,849,1181,771,0.02,S12000049,Glasgow City,S16000147,Glasgow Provan,G33 5AA
S01010172,Riddrie and Hogganfield - 01,462,289,311,446,13,3567,691,430,0.06,S12000049,Glasgow City,S16000147,Glasgow Provan,G33 2DL
S01010173,Riddrie and Hogganfield - 02,1943,1950.5,1874,1789,22,2342,764,479,0.04,S12000049,Glasgow City,S16000147,Glasgow Provan,G33 2AU
S01010174,Riddrie and Hogganfield - 03,2279,4741,4313,2930,108,299,1248,1030,0.03,S12000049,Glasgow City,S16000147,Glasgow Provan,G33 2BB
S01010175,Riddrie and Hogganfield - 04,1015,1061,842,1492,31,737,536,329,0.05,S12000049,Glasgow City,S16000147,Glasgow Provan,G33 2RZ
S01010176,Riddrie and Hogganfield - 05,1866,1630,2035,1589,22,2278,749,459,0.07,S12000049,Glasgow City,S16000147,Glasgow Provan,G33 2AB
S01010177,Riddrie and Hogganfield - 06,98,34,151,298,31,1239,693,430,0.05,S12000049,Glasgow City,S16000147,Glasgow Provan,G33 3TA
S01010178,Riddrie and Hogganfield - 07,225,189,522.5,270,86,364,1067,668,0.07,S12000049,Glasgow City,S16000147,Glasgow Provan,G33 3RG
S01010179,Blackhill and Barmulloch East - 01,116,228,195,57,25,2162,815,527,0.03,S12000049,Glasgow City,S16000147,Glasgow Provan,G33 1AU
S01010180,Blackhill and Barmulloch East - 02,2399,2680,2804,2094,29,1669,784,496,0.11,S12000049,Glasgow City,S16000147,Glasgow Provan,G33 1LH
S01010181,Blackhill and Barmulloch East - 03,161,161,246,55,25,1251,563,352,0.06,S12000049,Glasgow City,S16000147,Glasgow Provan,G33 1EP
S01010182,Blackhill and Barmulloch East - 04,3786,3920,3543,3184,13,3554,688,465,0.10,S12000049,Glasgow City,S16000147,Glasgow Provan,G33 1QE
S01010183,Blackhill and Barmulloch East - 05,416,406,390,340,22,1091,460,274,0.05,S12000049,Glasgow City,S16000147,Glasgow Provan,G33 1EB
S01010184,Blackhill and Barmulloch East - 06,745,587,827.5,851,15,2646,585,357,0.04,S12000049,Glasgow City,S16000147,Glasgow Provan,G33 1HW
S01010185,Blackhill and Barmulloch East - 07,540,384,897,675,35,1057,718,447,0.04,S12000049,Glasgow City,S16000147,Glasgow Provan,G21 3ER
S01010186,Robroyston and Millerston - 01,4631,4888.5,4681,3542,5,5510,620,432,0.07,S12000049,Glasgow City,S16000147,Glasgow Provan,G33 1BJ
S01010187,Robroyston and Millerston - 02,3348,4055,3321,2622,3,6075,554,414,0.10,S12000049,Glasgow City,S16000147,Glasgow Provan,G33 6PH
S01010188,Robroyston and Millerston - 03,3324,4120,3910.5,2424,36,899,685,492,0.14,S12000049,Glasgow City,S16000147,Glasgow Provan,G33 1BN
S01010189,Robroyston and Millerston - 04,5792,5556,6061,5671,17,3929,1033,747,0.11,S12000049,Glasgow City,S16000147,Glasgow Provan,G33 1SG
S01010190,Robroyston and Millerston - 05,6117,6025,5726,6525,13,4284,908,682,0.19,S12000049,Glasgow City,S16000147,Glasgow Provan,G33 1TD
S01010191,Robroyston and Millerston - 06,4327,3969,4097,4860,11,3994,685,478,0.07,S12000049,Glasgow City,S16000147,Glasgow Provan,G33 1RQ
S01010192,Robroyston and Millerston - 07,5606,5067,5927,5353,22,2535,827,576,0.14,S12000049,Glasgow City,S16000147,Glasgow Provan,G21 3PJ
S01010193,Robroyston and Millerston - 08,4514,4391,4556,3499,17,3000,750,449,0.16,S12000049,Glasgow City,S16000147,Glasgow Provan,G33 1QT
S01010194,Balornock - 01,1341,1667,951,692,7,4897,626,400,0.08,S12000049,Glasgow City,S16000147,Glasgow Provan,G21 3JU
S01010195,Balornock - 02,1508,1329,1465,1042,4,5589,519,358,0.09,S12000049,Glasgow City,S16000147,Glasgow Provan,G21 3NB
S01010196,Balornock - 03,855,831,1001,504,22,1943,661,416,0.10,S12000049,Glasgow City,S16000147,Glasgow Provan,G21 3SQ
S01010197,Balornock - 04,550,581,801,260,27,1113,569,377,0.05,S12000049,Glasgow City,S16000147,Glasgow Provan,G21 3RU
S01010198,Balornock - 05,315,571,434,104,90,277,1019,637,0.06,S12000049,Glasgow City,S16000147,Glasgow Provan,G21 3QS
S01010199,Barmulloch - 01,711,795.5,578,516,14,3472,720,493,0.07,S12000049,Glasgow City,S16000147,Glasgow Provan,G21 3EN
S01010200,Barmulloch - 02,1382,975,1982,1022,16,2825,658,385,0.05,S12000049,Glasgow City,S16000147,Glasgow Provan,G21 3JR
S01010201,Barmulloch - 03,2349,2422,2686,2005,17,2536,640,391,0.04,S12000049,Glasgow City,S16000147,Glasgow Provan,G21 3JX
S01010202,Barmulloch - 04,117,173,172,265,75,415,980,634,0.06,S12000049,Glasgow City,S16000147,Glasgow Provan,G21 3BZ
S01010203,Petershill - 01,4968,5037,4723.5,4455,7,5452,843,633,0.06,S12000049,Glasgow City,S16000118,Glasgow Maryhill and Springburn,G21 4EJ
S01010204,Petershill - 02,170,139,206,264,21,2638,817,530,0.07,S12000049,Glasgow City,S16000118,Glasgow Maryhill and Springburn,G21 4NP
S01010205,Petershill - 03,337,658,333,93,21,2006,647,433,0.04,S12000049,Glasgow City,S16000118,Glasgow Maryhill and Springburn,G21 4NE
S01010206,Petershill - 04,4169,6970.5,6974,3436,NA,6928,0,0,,S12000049,Glasgow City,S16000118,Glasgow Maryhill and Springburn,#N/A
S01010207,Petershill - 05,14,3,11,42,36,109,288,165,0.08,S12000049,Glasgow City,S16000118,Glasgow Maryhill and Springburn,G21 4LQ
S01010208,Petershill - 06,1484,2167,1563,649,52,885,977,750,0.03,S12000049,Glasgow City,S16000118,Glasgow Maryhill and Springburn,G21 4BF
S01010209,Springburn - 01,138,257.5,85,131,146,82,980,648,0.05,S12000049,Glasgow City,S16000118,Glasgow Maryhill and Springburn,G21 3SZ
S01010210,Springburn - 02,1688,1780.5,1495,871,17,3234,808,534,0.09,S12000049,Glasgow City,S16000118,Glasgow Maryhill and Springburn,G21 3UE
S01010211,Springburn - 03,378,335,352,335,41,1047,838,526,0.09,S12000049,Glasgow City,S16000118,Glasgow Maryhill and Springburn,G21 4XG
S01010212,Springburn - 04,87,116,56,85,156,59,946,639,0.07,S12000049,Glasgow City,S16000118,Glasgow Maryhill and Springburn,G21 1BU
S01010213,Springburn - 05,1016,884,1245,392,24,2567.5,912,573,0.06,S12000049,Glasgow City,S16000118,Glasgow Maryhill and Springburn,G21 4YG
S01010214,Springburn East and Cowlairs - 01,3500,3406,3529,3297,27,2276,919,601,0.16,S12000049,Glasgow City,S16000118,Glasgow Maryhill and Springburn,G21 1XQ
S01010215,Springburn East and Cowlairs - 02,229,164,264,279,94,250,1015,651,0.04,S12000049,Glasgow City,S16000118,Glasgow Maryhill and Springburn,G21 1UX
S01010216,Springburn East and Cowlairs - 03,137,204,29,369,30,1070,621,427,0.02,S12000049,Glasgow City,S16000118,Glasgow Maryhill and Springburn,G21 3AR
S01010217,Springburn East and Cowlairs - 04,438,363,544,757,155,78,1025,719,0.03,S12000049,Glasgow City,S16000118,Glasgow Maryhill and Springburn,G21 3TB
S01010218,Springburn East and Cowlairs - 05,610,746,455,427,84,440,1120,822,0.06,S12000049,Glasgow City,S16000118,Glasgow Maryhill and Springburn,G22 6BT
S01010219,Cowlairs and Port Dundas - 01,3082,3009,2786,4035,NA,6614.5,372,271,0.03,S12000049,Glasgow City,S16000118,Glasgow Maryhill and Springburn,G21 1RR
S01010220,Cowlairs and Port Dundas - 02,6349,6434,6601,6867,17,2038,529,485,0.06,S12000049,Glasgow City,S16000118,Glasgow Maryhill and Springburn,G4 9TD
S01010221,Cowlairs and Port Dundas - 03,111,191,149,28,28,1410,676,454,0.07,S12000049,Glasgow City,S16000118,Glasgow Maryhill and Springburn,G21 1HS
S01010222,Cowlairs and Port Dundas - 04,1403,1134,1128,1793,42,930,812,583,0.10,S12000049,Glasgow City,S16000118,Glasgow Maryhill and Springburn,G21 1YL
S01010223,Cowlairs and Port Dundas - 05,491,852,491,108,25,1384,598,413,0.06,S12000049,Glasgow City,S16000118,Glasgow Maryhill and Springburn,G21 1SR
S01010224,Cowlairs and Port Dundas - 06,74,56,159,103,76,428,1007,669,0.09,S12000049,Glasgow City,S16000118,Glasgow Maryhill and Springburn,G22 5DD
S01010225,Sighthill - 01,772,1167,569,746,93,164,853,613,0.07,S12000049,Glasgow City,S16000118,Glasgow Maryhill and Springburn,G21 2PR
S01010226,Sighthill - 02,6058,6970.5,6974,4559,NA,6928,0,0,0.24,S12000049,Glasgow City,S16000118,Glasgow Maryhill and Springburn,#N/A
S01010227,Sighthill - 03,5098,6970.5,6974,4823,3,6879,0,0,,S12000049,Glasgow City,S16000118,Glasgow Maryhill and Springburn,G21 1NL
S01010228,"Roystonhill, Blochairn, and Provanmill - 01",149,176,134,124,54,580,829,519,0.14,S12000049,Glasgow City,S16000118,Glasgow Maryhill and Springburn,G21 2AL
S01010229,"Roystonhill, Blochairn, and Provanmill - 02",1119,1322,981,580,55,1339,1292,937,0.08,S12000049,Glasgow City,S16000118,Glasgow Maryhill and Springburn,G21 2TZ
S01010230,"Roystonhill, Blochairn, and Provanmill - 03",107,113,38,173,79,370,987,690,0.03,S12000049,Glasgow City,S16000118,Glasgow Maryhill and Springburn,G21 2QE
S01010231,"Roystonhill, Blochairn, and Provanmill - 04",322,279,314,191,46,963,907,611,0.14,S12000049,Glasgow City,S16000118,Glasgow Maryhill and Springburn,G21 2NT
S01010232,"Roystonhill, Blochairn, and Provanmill - 05",1435,1847,1624,865,43,1360,1016,727,0.04,S12000049,Glasgow City,S16000118,Glasgow Maryhill and Springburn,G21 2NS
S01010233,"Roystonhill, Blochairn, and Provanmill - 06",317,310,421,126,33,1483,822,517,0.04,S12000049,Glasgow City,S16000118,Glasgow Maryhill and Springburn,G21 2HJ
S01010234,Dennistoun North - 01,3864,3839,3759,3185,43,1634,1147,895,0.07,S12000049,Glasgow City,S16000147,Glasgow Provan,G31 3AA
S01010235,Dennistoun North - 02,4887,5112,6261,3397,10,5141,1016,840,0.02,S12000049,Glasgow City,S16000147,Glasgow Provan,G31 2HJ
S01010236,Dennistoun North - 03,3251,3516,2988,2383,21,2876,881,706,0.08,S12000049,Glasgow City,S16000147,Glasgow Provan,G31 2EH
S01010237,Dennistoun North - 04,4135,3746,3825,3539,15,2822,616,494,0.04,S12000049,Glasgow City,S16000147,Glasgow Provan,G31 2QB
S01010238,Dennistoun North - 05,3304,3432,3783,2791,30,1889,883,712,0.03,S12000049,Glasgow City,S16000147,Glasgow Provan,G31 2QQ
S01010239,Alexandra Parade - 01,1284,991,1608,929,11,4510,833,556,0.06,S12000049,Glasgow City,S16000147,Glasgow Provan,G31 3HB
S01010240,Alexandra Parade - 02,3096,3194,2808,2351,15,2985,658,526,0.04,S12000049,Glasgow City,S16000147,Glasgow Provan,G31 3BX
S01010241,Alexandra Parade - 03,2173,2484,2586,1298,47,1361,1112,847,0.08,S12000049,Glasgow City,S16000147,Glasgow Provan,G31 3LS
S01010242,Carntyne West and Haghill - 01,832,1265,879,439,35,1159,758,606,0.06,S12000049,Glasgow City,S16000147,Glasgow Provan,G31 2UD
S01010243,Carntyne West and Haghill - 02,1051,1386.5,997,1393,86,288,988,788,0.10,S12000049,Glasgow City,S16000147,Glasgow Provan,G31 3NW
S01010244,Carntyne West and Haghill - 03,1036,1034,1077,1463,54,345,659,472,0.10,S12000049,Glasgow City,S16000121,Glasgow Shettleston,G31 1LL
S01010245,Carntyne West and Haghill - 04,2,12,7,3,55,515,796,554,0.04,S12000049,Glasgow City,S16000121,Glasgow Shettleston,G31 1HJ
S01010246,Carntyne West and Haghill - 05,453,588.5,493,244,24,2315,824,580,0.03,S12000049,Glasgow City,S16000147,Glasgow Provan,G31 3RN
S01010247,Carntyne West and Haghill - 06,1594,1302,1902,926,28,1606,738,465,0.12,S12000049,Glasgow City,S16000147,Glasgow Provan,G32 6JW
S01010248,Dennistoun - 01,4715,4645,4518,3954,20,2951,862,703,0.04,S12000049,Glasgow City,S16000147,Glasgow Provan,G31 2PT
S01010249,Dennistoun - 02,3987,4158,3889,3212,24,1720,661,564,0.02,S12000049,Glasgow City,S16000147,Glasgow Provan,G31 2RY
S01010250,Dennistoun - 03,4624,5155,5689,4458,37,1217,819,720,0.02,S12000049,Glasgow City,S16000147,Glasgow Provan,G31 2QR
S01010251,Dennistoun - 04,6262,6082,6147,6550,13,3825,758,660,0.02,S12000049,Glasgow City,S16000147,Glasgow Provan,G31 2LP
S01010252,Dennistoun - 05,3375,3544,3095,2730,28,1218,620,482,0.04,S12000049,Glasgow City,S16000147,Glasgow Provan,G31 2LD
S01010253,Dennistoun - 06,166,142,235,66,33,937,639,439,0.04,S12000049,Glasgow City,S16000147,Glasgow Provan,G31 2DL
S01010254,Gallowgate North and Bellgrove - 01,1602,1538,1962,1003,28,2605,1078,745,0.05,S12000049,Glasgow City,S16000121,Glasgow Shettleston,G31 1AN
S01010255,Gallowgate North and Bellgrove - 02,521,324,521,480,26,1860,757,531,0.08,S12000049,Glasgow City,S16000121,Glasgow Shettleston,G31 1JT
S01010256,Gallowgate North and Bellgrove - 03,499,728,279,300,23,2496,854,613,0.07,S12000049,Glasgow City,S16000121,Glasgow Shettleston,G31 1RP
S01010257,Gallowgate North and Bellgrove - 04,2447,4534,3537,2205,76,1275,1732,1633,0.20,S12000049,Glasgow City,S16000121,Glasgow Shettleston,G1 1QA
S01010258,Gallowgate North and Bellgrove - 05,6154,6964,6966,6976,18,5135,1826,1770,0.82,S12000049,Glasgow City,S16000121,Glasgow Shettleston,G4 0TH
S01010259,City Centre East - 01,1974,2645,1970,1824,33,2914,1401,1182,0.06,S12000049,Glasgow City,S16000117,Glasgow Kelvin,G4 0NS
S01010260,City Centre East - 02,3795,5151,4694,4866,167,579,2544,2361,0.04,S12000049,Glasgow City,S16000117,Glasgow Kelvin,G1 1QU
S01010261,City Centre East - 03,3652,4316,4436,3390,56,2779,2269,2014,0.17,S12000049,Glasgow City,S16000117,Glasgow Kelvin,G90 8BP
S01010262,City Centre East - 04,289,274,308,182,223,22,868,576,0.06,S12000049,Glasgow City,S16000117,Glasgow Kelvin,G31 2AA
S01010263,City Centre East - 05,4661,6056,5827,5868,52,464,713,651,0.03,S12000049,Glasgow City,S16000117,Glasgow Kelvin,G1 1LF
S01010264,City Centre East - 06,1378,3696,2422,3178,253,20,913,836,0.02,S12000049,Glasgow City,S16000117,Glasgow Kelvin,G1 1DX
S01010265,City Centre East - 07,5543,6960,6962,6971,130,137,1107,1038,0.29,S12000049,Glasgow City,S16000117,Glasgow Kelvin,G1 3DS
S01010266,City Centre West - 01,3857,4862,5920,5572,91,93,669,555,0.03,S12000049,Glasgow City,S16000117,Glasgow Kelvin,G3 6UQ
S01010267,City Centre West - 02,3418,5424,2883,5542,204,40,1039,988,0.38,S12000049,Glasgow City,S16000117,Glasgow Kelvin,G2 4PG
S01010268,City Centre West - 03,4037,4207,3708,3421,28,1950,843,731,0.11,S12000049,Glasgow City,S16000117,Glasgow Kelvin,G3 6PQ
S01010269,City Centre West - 04,3853,4180,4176,3715,28,1107,589,509,0.01,S12000049,Glasgow City,S16000117,Glasgow Kelvin,G4 9LJ
S01010270,City Centre West - 05,458,713,369,253,103,369,1286,928,0.06,S12000049,Glasgow City,S16000117,Glasgow Kelvin,G4 0SN
S01010271,City Centre West - 06,2384,3318.5,3539,2792,295,14,800,672,0.10,S12000049,Glasgow City,S16000117,Glasgow Kelvin,G2 4AF
S01010272,City Centre South - 01,1014,1642,970,1269,95,497,1342,1076,0.04,S12000049,Glasgow City,S16000117,Glasgow Kelvin,G2 7JS
S01010273,City Centre South - 02,5008,6411,6220,6939,117,86,800,742,0.28,S12000049,Glasgow City,S16000117,Glasgow Kelvin,G2 8DU
S01010274,City Centre South - 03,4193,6741,6529,6585,599,3,697,623,0.01,S12000049,Glasgow City,S16000117,Glasgow Kelvin,G1 3AN
S01010275,City Centre South - 04,5039,6618,6255,6231,1159,1,932,871,0.29,S12000049,Glasgow City,S16000117,Glasgow Kelvin,G2 7ED
S01010276,Anderston - 01,5996,6951,6891,6920,35,2421,1255,1050,0.05,S12000049,Glasgow City,S16000117,Glasgow Kelvin,G3 8HA
S01010277,Anderston - 02,892,1023,796,731,21,1911,623,420,0.05,S12000049,Glasgow City,S16000117,Glasgow Kelvin,G3 8GP
S01010278,Anderston - 03,1310,891,1407,1263,11,3706,612,429,0.04,S12000049,Glasgow City,S16000117,Glasgow Kelvin,G3 8DX
S01010279,Anderston - 04,1781,1956,1459,987,25,1649,672,550,0.04,S12000049,Glasgow City,S16000117,Glasgow Kelvin,G3 8XZ
S01010280,Anderston - 05,4720,4718,4492,4468,37,1642,992,863,0.02,S12000049,Glasgow City,S16000117,Glasgow Kelvin,G3 7PL
S01010281,Anderston - 06,5505,5173,4864,6321,27,2427,971,840,0.00,S12000049,Glasgow City,S16000117,Glasgow Kelvin,G3 7AA
S01010282,Finnieston and Kelvinhaugh - 01,1669,1949,1413,1112,22,3123,1006,852,0.04,S12000049,Glasgow City,S16000117,Glasgow Kelvin,G3 8TN
S01010283,Finnieston and Kelvinhaugh - 02,4593,5185.5,6053,4634,75,193,727,621,0.04,S12000049,Glasgow City,S16000117,Glasgow Kelvin,G3 8ET
S01010284,Finnieston and Kelvinhaugh - 03,6139,6452,6364,6070,51,3240,2429,2342,0.16,S12000049,Glasgow City,S16000117,Glasgow Kelvin,G3 8QP
S01010285,Finnieston and Kelvinhaugh - 04,3247,3356,3108,2955,34,1341,799,669,0.04,S12000049,Glasgow City,S16000117,Glasgow Kelvin,G3 7HQ
S01010286,Finnieston and Kelvinhaugh - 05,6456,6717,6828,6895,21,5368,2420,2308,0.12,S12000049,Glasgow City,S16000117,Glasgow Kelvin,G3 8NU
S01010287,Finnieston and Kelvinhaugh - 06,5970,6026,5854,5820,43,1201,946,831,0.08,S12000049,Glasgow City,S16000117,Glasgow Kelvin,G3 7TX
S01010288,Finnieston and Kelvinhaugh - 07,6666,6363,6581,6849,30,2538,1130,1019,0.12,S12000049,Glasgow City,S16000117,Glasgow Kelvin,G3 7LD
S01010289,Woodlands - 01,6773,6853,6665,6822,27,2454,982,813,0.12,S12000049,Glasgow City,S16000117,Glasgow Kelvin,G3 7JS
S01010290,Woodlands - 02,3798,3917,4002,2860,20,2052,625,547,0.01,S12000049,Glasgow City,S16000117,Glasgow Kelvin,G3 6NA
S01010291,Woodlands - 03,5035,4672,4581,4190,29,2858,1209,1051,0.19,S12000049,Glasgow City,S16000117,Glasgow Kelvin,G4 9HJ
S01010292,Woodlands - 04,6447,6184,6460,6590,15,4360,1078,944,0.18,S12000049,Glasgow City,S16000117,Glasgow Kelvin,G4 9HT
S01010293,Woodlands - 05,4526,3663,4702,3780,11,4865,969,829,0.17,S12000049,Glasgow City,S16000117,Glasgow Kelvin,G3 6LQ
S01010294,Woodlands - 06,6013,5465.5,6499.5,6148,14,3519,731,629,0.28,S12000049,Glasgow City,S16000117,Glasgow Kelvin,G4 9DN
S01010295,Woodlands - 07,5380,4925,5569,5934,29,2497,1077,947,0.20,S12000049,Glasgow City,S16000117,Glasgow Kelvin,G4 9AJ
S01010296,Woodlands - 08,1998,1962,2315,2222,38,859,703,559,0.01,S12000049,Glasgow City,S16000117,Glasgow Kelvin,G3 6DR
S01010297,Woodside - 01,1082,1432,577,873,97,275,1096,829,0.13,S12000049,Glasgow City,S16000117,Glasgow Kelvin,G4 9HL
S01010298,Woodside - 02,1482,1310,1437,752,25,2286,853,626,0.02,S12000049,Glasgow City,S16000117,Glasgow Kelvin,G4 9EJ
S01010299,Woodside - 03,1076,803.5,805,813,12,3253,573,387,0.14,S12000049,Glasgow City,S16000117,Glasgow Kelvin,G20 7UW
S01010300,Woodside - 04,1589,1868,2066,721,42,1437,1025,743,0.04,S12000049,Glasgow City,S16000117,Glasgow Kelvin,G20 6UN
S01010301,Firhill - 01,5031,4632,4682,5469,19,2192,627,507,0.02,S12000049,Glasgow City,S16000117,Glasgow Kelvin,G20 7NG
S01010302,Firhill - 02,1309,1045,1105.5,1730,22,2521,822,539,0.02,S12000049,Glasgow City,S16000117,Glasgow Kelvin,G20 7NW
S01010303,Firhill - 03,1383,1038,1243,2496,28,1253,632,414,0.09,S12000049,Glasgow City,S16000117,Glasgow Kelvin,G20 7NS
S01010304,Firhill - 04,308,750,419,77,39,952,764,569,0.05,S12000049,Glasgow City,S16000117,Glasgow Kelvin,G20 7JL
S01010305,Firhill - 05,1210,1036,1247,640,45,831,822,614,0.08,S12000049,Glasgow City,S16000117,Glasgow Kelvin,G20 6RN
S01010306,Firhill - 06,4323,4377.5,3794,3999,35,1304,809,700,0.03,S12000049,Glasgow City,S16000117,Glasgow Kelvin,G20 6HR
S01010307,Firhill - 07,6132,5530,5911,6465,29,1901,857,716,0.03,S12000049,Glasgow City,S16000117,Glasgow Kelvin,G20 6RT
S01010308,Firhill - 08,4985,4617,4486,4568,25,2758,1006,833,0.06,S12000049,Glasgow City,S16000117,Glasgow Kelvin,G20 6NS
S01010309,Keppochhill - 01,953,1000,1333,1248,9,2385,318,190,0.05,S12000049,Glasgow City,S16000118,Glasgow Maryhill and Springburn,G22 5QY
S01010310,Keppochhill - 02,555,759,428,425,34,1100,713,516,0.10,S12000049,Glasgow City,S16000118,Glasgow Maryhill and Springburn,G22 5PR
S01010311,Keppochhill - 03,207,313,349,150,90,154,812,572,0.05,S12000049,Glasgow City,S16000118,Glasgow Maryhill and Springburn,G22 5JN
S01010312,Keppochhill - 04,29,19,20,8,48,706,814,535,0.06,S12000049,Glasgow City,S16000118,Glasgow Maryhill and Springburn,G22 6BZ
S01010313,Keppochhill - 05,147,131,116,79,21,1656,566,394,0.03,S12000049,Glasgow City,S16000118,Glasgow Maryhill and Springburn,G22 5QT
S01010314,Keppochhill - 06,945,1397.5,1117,610,83,1020,1682,1302,0.03,S12000049,Glasgow City,S16000117,Glasgow Kelvin,G20 7DS
S01010315,Ruchill - 01,1952,1402,2425,2176,17,3491,879,623,0.06,S12000049,Glasgow City,S16000118,Glasgow Maryhill and Springburn,G20 9QU
S01010316,Ruchill - 02,222,297,212,203,40,708,680,496,0.03,S12000049,Glasgow City,S16000118,Glasgow Maryhill and Springburn,G20 9RA
S01010317,Ruchill - 03,3412,3590,3598,2373,48,999,962,803,0.03,S12000049,Glasgow City,S16000117,Glasgow Kelvin,G20 8NZ
S01010318,Ruchill - 04,2398,3175,3218,2317,44,2283,1500,1291,0.05,S12000049,Glasgow City,S16000117,Glasgow Kelvin,G20 9TW
S01010319,Ruchill - 05,2717,3494,3065,3161,46,772,815,669,0.09,S12000049,Glasgow City,S16000118,Glasgow Maryhill and Springburn,G20 9TD
S01010320,Ruchill - 06,1348,2115,1248,1699,52,525,759,623,0.04,S12000049,Glasgow City,S16000118,Glasgow Maryhill and Springburn,G20 8TH
S01010321,Ruchill - 07,1429,1537,1908,659,108,120,879,610,0.05,S12000049,Glasgow City,S16000118,Glasgow Maryhill and Springburn,G20 9RJ
S01010322,Ruchill - 08,5999,5942,5502.5,5382,29,2515,1082,849,0.09,S12000049,Glasgow City,S16000117,Glasgow Kelvin,G12 0SS
S01010323,Possil Park - 01,11,2,6,1,56,291,644,402,0.02,S12000049,Glasgow City,S16000118,Glasgow Maryhill and Springburn,G22 5SJ
S01010324,Possil Park - 02,426,437,627,198,47,825,858,546,0.01,S12000049,Glasgow City,S16000118,Glasgow Maryhill and Springburn,G22 7SB
S01010325,Possil Park - 03,362,254,497,251,20,3151,923,542,0.05,S12000049,Glasgow City,S16000118,Glasgow Maryhill and Springburn,G22 6LT
S01010326,Possil Park - 04,21,68,54,33,120,134,1009,720,0.03,S12000049,Glasgow City,S16000118,Glasgow Maryhill and Springburn,G20 9ND
S01010327,Possil Park - 05,839,1284,1140,165,36,1512,906,632,0.07,S12000049,Glasgow City,S16000118,Glasgow Maryhill and Springburn,G20 9JQ
S01010328,Possil Park - 06,1898,2103,2499,1167,63,738,1090,727,0.06,S12000049,Glasgow City,S16000118,Glasgow Maryhill and Springburn,G22 6EW
S01010329,Possil Park - 07,1672,1686,1718,2097,12,3351,592,365,0.02,S12000049,Glasgow City,S16000118,Glasgow Maryhill and Springburn,G20 9HH
S01010330,Milton West - 01,57,89,138,82,33,1027,671,422,0.01,S12000049,Glasgow City,S16000118,Glasgow Maryhill and Springburn,G22 7RD
S01010331,Milton West - 02,143,135,129,181,36,1441,880,526,0.07,S12000049,Glasgow City,S16000118,Glasgow Maryhill and Springburn,G22 6ND
S01010332,Milton West - 03,53,64,233,63,70,199,694,437,0.02,S12000049,Glasgow City,S16000118,Glasgow Maryhill and Springburn,G22 7DF
S01010333,Milton West - 04,334,373,340,195,63,648,1023,675,0.08,S12000049,Glasgow City,S16000118,Glasgow Maryhill and Springburn,G22 6PP
S01010334,Milton West - 05,1495,1356,1646,1341,30,2436,1082,702,0.09,S12000049,Glasgow City,S16000118,Glasgow Maryhill and Springburn,G22 6PW
S01010335,Milton East - 01,375,364,612,153,27,1905,799,473,0.05,S12000049,Glasgow City,S16000118,Glasgow Maryhill and Springburn,G22 7AW
S01010336,Milton East - 02,71,215,50,68,32,892,606,430,0.02,S12000049,Glasgow City,S16000118,Glasgow Maryhill and Springburn,G22 7HB
S01010337,Milton East - 03,259,230,351,130,18,1989,550,343,0.05,S12000049,Glasgow City,S16000118,Glasgow Maryhill and Springburn,G22 7JP
S01010338,Milton East - 04,115,229,214,81,25,1187,547,349,0.03,S12000049,Glasgow City,S16000118,Glasgow Maryhill and Springburn,G22 7EF
S01010339,Milton East - 05,1299,1076,1127,1053,8,4202,537,336,0.07,S12000049,Glasgow City,S16000118,Glasgow Maryhill and Springburn,G22 7DT
S01010340,Summerston Central and West - 01,749,485,819,988,21,2472,768,494,0.11,S12000049,Glasgow City,S16000118,Glasgow Maryhill and Springburn,G23 5AH
S01010341,Summerston Central and West - 02,2934,2539.5,2701,2504,10,3900,601,387,0.13,S12000049,Glasgow City,S16000118,Glasgow Maryhill and Springburn,G23 5JX
S01010342,Summerston Central and West - 03,4278,4641,4040,3762,7,4923,636,472,0.10,S12000049,Glasgow City,S16000118,Glasgow Maryhill and Springburn,G23 5QE
S01010343,Summerston Central and West - 04,4756,5675,4559,3859,10,4781,848,643,0.11,S12000049,Glasgow City,S16000118,Glasgow Maryhill and Springburn,G23 5JP
S01010344,Summerston Central and West - 05,56,149,46,116,26,1628,690,497,0.01,S12000049,Glasgow City,S16000118,Glasgow Maryhill and Springburn,G22 7LN
S01010345,Summerston Central and West - 06,5243,5450,5494,5832,14,4057,894,644,0.16,S12000049,Glasgow City,S16000118,Glasgow Maryhill and Springburn,G23 5NE
S01010346,Summerston North - 01,4100,3806,3833,3252,19,3300,922,608,0.15,S12000049,Glasgow City,S16000118,Glasgow Maryhill and Springburn,G20 0BQ
S01010347,Summerston North - 02,484,573,593,421,29,2058,909,585,0.02,S12000049,Glasgow City,S16000118,Glasgow Maryhill and Springburn,G20 0TN
S01010348,Summerston North - 03,1826,1891,1762,1047,13,4542,998,619,0.05,S12000049,Glasgow City,S16000118,Glasgow Maryhill and Springburn,G23 5HY
S01010349,Summerston North - 04,1283,997.5,1503,986,27,2015,834,509,0.07,S12000049,Glasgow City,S16000118,Glasgow Maryhill and Springburn,G23 5PA
S01010350,Maryhill East - 01,487,324,637,508,24,2627,931,581,0.05,S12000049,Glasgow City,S16000118,Glasgow Maryhill and Springburn,G23 5EE
S01010351,Maryhill East - 02,1917,1837,2155,2656,25,2556,946,662,0.13,S12000049,Glasgow City,S16000118,Glasgow Maryhill and Springburn,G23 5DR
S01010352,Maryhill East - 03,448,495,400,657,16,2019,495,334,0.10,S12000049,Glasgow City,S16000118,Glasgow Maryhill and Springburn,G20 0SB
S01010353,Maryhill East - 04,89,156,58,162,83,388,1060,725,0.03,S12000049,Glasgow City,S16000118,Glasgow Maryhill and Springburn,G20 0JD
S01010354,Maryhill West - 01,820,781,919.5,381,25,2068,786,529,0.06,S12000049,Glasgow City,S16000118,Glasgow Maryhill and Springburn,G20 0EU
S01010355,Maryhill West - 02,524,805,509,222,45,910,861,612,0.05,S12000049,Glasgow City,S16000118,Glasgow Maryhill and Springburn,G20 0HJ
S01010356,Maryhill West - 03,1809,1802,1676,2497,44,865,816,599,0.11,S12000049,Glasgow City,S16000118,Glasgow Maryhill and Springburn,G20 0LJ
S01010357,Maryhill West - 04,250,520,63,149,23,1449,564,407,0.04,S12000049,Glasgow City,S16000118,Glasgow Maryhill and Springburn,G20 0JF
S01010358,Wyndford - 01,148,232,76,218,82,236,865,592,0.06,S12000049,Glasgow City,S16000118,Glasgow Maryhill and Springburn,G20 8JE
S01010359,Wyndford - 02,124,81,152,404,80,218,813,523,0.03,S12000049,Glasgow City,S16000118,Glasgow Maryhill and Springburn,G20 8JG
S01010360,Wyndford - 03,532,398,756,486,56,646,909,594,0.05,S12000049,Glasgow City,S16000118,Glasgow Maryhill and Springburn,G20 8DF
S01010361,Wyndford - 04,142,354,32,297,75,216,760,552,0.03,S12000049,Glasgow City,S16000118,Glasgow Maryhill and Springburn,G20 8DS
S01010362,Wyndford - 05,34,143,2,87,129,71,831,645,0.02,S12000049,Glasgow City,S16000118,Glasgow Maryhill and Springburn,G20 8HD
S01010363,Kelvindale - 01,4433,3950,3550,4307,10,4534,766,554,0.12,S12000049,Glasgow City,S16000118,Glasgow Maryhill and Springburn,G12 0LB
S01010364,Kelvindale - 02,6144,5651,5842,5787,14,4147.5,924,567,0.22,S12000049,Glasgow City,S16000118,Glasgow Maryhill and Springburn,G12 0JY
S01010365,Kelvindale - 03,6481,5866,6388,5631,16,4031,1011,662,0.26,S12000049,Glasgow City,S16000118,Glasgow Maryhill and Springburn,G12 0PJ
S01010366,Kelvindale - 04,6236,5905,5571,5102,5,6224,1065,775,0.12,S12000049,Glasgow City,S16000118,Glasgow Maryhill and Springburn,G12 0JZ
S01010367,Kelvindale - 05,6849,6546,6716,6677,22,4392,1596,1231,0.14,S12000049,Glasgow City,S16000118,Glasgow Maryhill and Springburn,G12 0PT
S01010368,Kelvindale - 06,6396,5464,6402,5479,19,2927,810,519,0.13,S12000049,Glasgow City,S16000118,Glasgow Maryhill and Springburn,G12 0TJ
S01010369,North Kelvin - 01,3528,3509,2795,3159,23,2234,770,617,0.11,S12000049,Glasgow City,S16000117,Glasgow Kelvin,G20 6SH
S01010370,North Kelvin - 02,6681,6335.5,6375,6629,17,2840,705,560,0.11,S12000049,Glasgow City,S16000117,Glasgow Kelvin,G12 0TB
S01010371,North Kelvin - 03,5945,5647,5836,6407,46,1619,1217,945,0.03,S12000049,Glasgow City,S16000117,Glasgow Kelvin,G12 8BD
S01010372,North Kelvin - 04,6672,6210,6707,6704,18,2020,557,384,0.18,S12000049,Glasgow City,S16000117,Glasgow Kelvin,G20 6DN
S01010373,North Kelvin - 05,5915,5550,5139,5202,19,3128,870,694,0.06,S12000049,Glasgow City,S16000117,Glasgow Kelvin,G20 6BH
S01010374,Kelvingrove and University - 01,6957,6912,6763,6889,6,5928,979,758,0.05,S12000049,Glasgow City,S16000117,Glasgow Kelvin,G11 5JA
S01010375,Kelvingrove and University - 02,5461,5922,5819,6513,48,314,571,491,0.35,S12000049,Glasgow City,S16000117,Glasgow Kelvin,G12 8RD
S01010376,Kelvingrove and University - 03,6173,5706,5679,5878,17,3113,776,704,0.01,S12000049,Glasgow City,S16000117,Glasgow Kelvin,G12 8JN
S01010377,Kelvingrove and University - 04,5763,5343,5884,6619,31,2212,1030,878,0.22,S12000049,Glasgow City,S16000117,Glasgow Kelvin,G12 8RF
S01010378,Kelvingrove and University - 05,5869,5889,5215,5284,19,2834,786,702,0.23,S12000049,Glasgow City,S16000117,Glasgow Kelvin,G12 8AF
S01010379,Kelvingrove and University - 06,4279,4669,4160,3940,70,752,1227,1069,0.09,S12000049,Glasgow City,S16000117,Glasgow Kelvin,G12 8BB
S01010380,Kelvingrove and University - 07,5673,5145,5018,4501,13,4459,967,762,0.04,S12000049,Glasgow City,S16000117,Glasgow Kelvin,G11 5HD
S01010381,Hillhead - 01,5253,5864,5478,4735,27,1637,721,672,0.01,S12000049,Glasgow City,S16000117,Glasgow Kelvin,G11 6QE
S01010382,Hillhead - 02,4164,4122,3741,3430,22,2647,858,750,0.01,S12000049,Glasgow City,S16000117,Glasgow Kelvin,G11 5EA
S01010383,Hillhead - 03,1226,1814,791,740,29,1431,705,585,0.03,S12000049,Glasgow City,S16000117,Glasgow Kelvin,G11 5QS
S01010384,Hillhead - 04,6319,6281,6508,6142,54,1798,1538,1405,0.22,S12000049,Glasgow City,S16000117,Glasgow Kelvin,G11 6PE
S01010385,Hillhead - 05,3735,4067,3492,3276,12,4395,872,757,0.02,S12000049,Glasgow City,S16000117,Glasgow Kelvin,G11 5NL
S01010386,Hillhead - 06,1381,1675,1350,696,50,1042,1020,836,0.05,S12000049,Glasgow City,S16000117,Glasgow Kelvin,G11 6AG
S01010387,Hillhead - 07,4066,4315,4278,3134,52,1855,1512,1349,0.06,S12000049,Glasgow City,S16000117,Glasgow Kelvin,G3 8QL
S01010388,Glasgow Harbour and Partick South - 01,1259,1508,1044,703,45,1136,963,739,0.06,S12000049,Glasgow City,S16000117,Glasgow Kelvin,G11 6DF
S01010389,Glasgow Harbour and Partick South - 02,6371,6603,6573,6707,16,4856.5,1404,1231,0.02,S12000049,Glasgow City,S16000115,Glasgow Anniesland,G11 6BN
S01010390,Glasgow Harbour and Partick South - 03,3450,3671,2728,3126,27,2730,1078,950,0.08,S12000049,Glasgow City,S16000117,Glasgow Kelvin,G11 7UB
S01010391,Glasgow Harbour and Partick South - 04,2561,3112,1923,2704,26,2091,823,703,0.03,S12000049,Glasgow City,S16000117,Glasgow Kelvin,G11 7TY
S01010392,Glasgow Harbour and Partick South - 05,6721,6380,6824,6968,13,4584,1015,806,0.07,S12000049,Glasgow City,S16000117,Glasgow Kelvin,G11 6AD
S01010393,Partick - 01,4749,4553,4883,3603,25,2695,988,791,0.06,S12000049,Glasgow City,S16000117,Glasgow Kelvin,G11 7SJ
S01010394,Partick - 02,368,479,113,274,34,1718,936,674,0.10,S12000049,Glasgow City,S16000117,Glasgow Kelvin,G11 7UF
S01010395,Partick - 03,2975,2644,2916,2509,22,3139,1011,798,0.11,S12000049,Glasgow City,S16000117,Glasgow Kelvin,G11 7RD
S01010396,Partick - 04,3526,3186,3305,2225,20,3455,1023,801,0.06,S12000049,Glasgow City,S16000117,Glasgow Kelvin,G11 6TG
S01010397,Partickhill and Hyndland - 01,5680,4671,5339,4594,7,4612,553,433,0.03,S12000049,Glasgow City,S16000117,Glasgow Kelvin,G12 9DP
S01010398,Partickhill and Hyndland - 02,6463,5903.5,6007,5239,27,2714,1074,810,0.20,S12000049,Glasgow City,S16000117,Glasgow Kelvin,G11 7YF
S01010399,Partickhill and Hyndland - 03,6951,6855,6733,6896,15,4669,1210,1002,0.05,S12000049,Glasgow City,S16000117,Glasgow Kelvin,G12 9FB
S01010400,Partickhill and Hyndland - 04,6813,6395,6484,6393,30,2654,1172,853,0.15,S12000049,Glasgow City,S16000117,Glasgow Kelvin,G11 5AG
S01010401,Partickhill and Hyndland - 05,5135,4004,4619,4536,13,3776,742,538,0.08,S12000049,Glasgow City,S16000117,Glasgow Kelvin,G12 9HZ
S01010402,Partickhill and Hyndland - 06,6944,6306,6678,6761,15,4104,974,735,0.19,S12000049,Glasgow City,S16000117,Glasgow Kelvin,G12 9TQ
S01010403,Dowanhill - 01,6761,6102,6234,5897,19,3586,1016,682,0.14,S12000049,Glasgow City,S16000117,Glasgow Kelvin,G12 9PX
S01010404,Dowanhill - 02,6611,5512,6416,6479,15,4023,945,650,0.15,S12000049,Glasgow City,S16000117,Glasgow Kelvin,G12 9LH
S01010405,Dowanhill - 03,6361,5826,5320,6523,14,3747,792,566,0.35,S12000049,Glasgow City,S16000117,Glasgow Kelvin,G12 9YJ
S01010406,Dowanhill - 04,6291,6164,5890,6049,15,3788,859,707,0.03,S12000049,Glasgow City,S16000117,Glasgow Kelvin,G12 9AU
S01010407,Dowanhill - 05,6292,5821,6423,5780,27,2262,914,788,0.14,S12000049,Glasgow City,S16000117,Glasgow Kelvin,G12 8AW
S01010408,Kelvinside and Jordanhill - 01,2882,2915.5,1543,3120,12,3133,550,358,0.25,S12000049,Glasgow City,S16000115,Glasgow Anniesland,G13 1XH
S01010409,Kelvinside and Jordanhill - 02,6784,6551,5683,6283,6,5268,652,387,0.34,S12000049,Glasgow City,S16000115,Glasgow Anniesland,G13 1UF
S01010410,Kelvinside and Jordanhill - 03,6789,6911,6262,6457,12,3206,566,379,0.22,S12000049,Glasgow City,S16000115,Glasgow Anniesland,G13 1TU
S01010411,Kelvinside and Jordanhill - 04,6651,6321.5,6359,6778,36,2084,1137,666,0.29,S12000049,Glasgow City,S16000115,Glasgow Anniesland,G13 1PX
S01010412,Kelvinside and Jordanhill - 05,5269,6263,4733,6072,60,564,900,657,0.19,S12000049,Glasgow City,S16000117,Glasgow Kelvin,G12 0UN
S01010413,Kelvinside and Jordanhill - 06,6164,6038,5796,5391,22,2469.5,804,446,0.21,S12000049,Glasgow City,S16000115,Glasgow Anniesland,G12 0AE
S01010414,Kelvinside and Jordanhill - 07,5825,4449,5360,4974,12,4949,1104,667,0.23,S12000049,Glasgow City,S16000115,Glasgow Anniesland,G13 1SR
S01010415,Broomhill - 01,1205,1388,709,754,52,974,1030,723,0.12,S12000049,Glasgow City,S16000117,Glasgow Kelvin,G11 7LX
S01010416,Broomhill - 02,6427,6064,6517,6006,12,3983.5,744,476,0.23,S12000049,Glasgow City,S16000115,Glasgow Anniesland,G11 7DW
S01010417,Broomhill - 03,6919,6459,6723,6207,6,5124,605,406,0.15,S12000049,Glasgow City,S16000115,Glasgow Anniesland,G11 7HY
S01010418,Broomhill - 04,6514,5685,6001.5,6168,23,3370,1143,877,0.13,S12000049,Glasgow City,S16000115,Glasgow Anniesland,G11 7HS
S01010419,Broomhill - 05,6811,6127,6251,6146,5,6142,982,690,0.19,S12000049,Glasgow City,S16000115,Glasgow Anniesland,G11 7LL
S01010420,Victoria Park - 01,6027,5179,5504,5390,15,3204,707,413,0.22,S12000049,Glasgow City,S16000115,Glasgow Anniesland,G14 9PH
S01010421,Victoria Park - 02,5701,5340,5163.5,5522,28,2048,874,554,0.21,S12000049,Glasgow City,S16000115,Glasgow Anniesland,G14 9JZ
S01010422,Victoria Park - 03,4299,3515,3404,3105,24,3274,1156,752,0.23,S12000049,Glasgow City,S16000115,Glasgow Anniesland,G14 9QW
S01010423,Whiteinch - 01,605,693,405,413,39,1289,896,654,0.03,S12000049,Glasgow City,S16000115,Glasgow Anniesland,G14 9RT
S01010424,Whiteinch - 02,963,825,846,383,32,2044,998,689,0.08,S12000049,Glasgow City,S16000115,Glasgow Anniesland,G14 0SD
S01010425,Whiteinch - 03,415,505,287,409,72,554,1073,769,0.03,S12000049,Glasgow City,S16000115,Glasgow Anniesland,G14 0AE
S01010426,Whiteinch - 04,1579,1598,1034,1744,21,2321,722,541,0.04,S12000049,Glasgow City,S16000115,Glasgow Anniesland,G14 9HF
S01010427,Scotstoun North and East - 01,917,644.5,660,1285,35,2208,1161,740,0.07,S12000049,Glasgow City,S16000115,Glasgow Anniesland,G14 9AA
S01010428,Scotstoun North and East - 02,5436,4327,4863,4477,11,4165,730,463,0.21,S12000049,Glasgow City,S16000115,Glasgow Anniesland,G14 9EW
S01010429,Scotstoun North and East - 03,6187,5442,4835,5411,18,3675,989,642,0.19,S12000049,Glasgow City,S16000115,Glasgow Anniesland,G14 9EL
S01010430,Scotstoun North and East - 04,960,817,839,1043,34,1722,937,640,0.06,S12000049,Glasgow City,S16000115,Glasgow Anniesland,G14 9BY
S01010431,Scotstoun North and East - 05,6762,6241,5732,6261,13,3500,675,445,0.27,S12000049,Glasgow City,S16000115,Glasgow Anniesland,G14 9HJ
S01010432,Scotstoun South and West - 01,1356,1170,1099,1212,43,1101,902,662,0.10,S12000049,Glasgow City,S16000115,Glasgow Anniesland,G14 0XA
S01010433,Scotstoun South and West - 02,251,175,222,422,44,508,631,441,0.04,S12000049,Glasgow City,S16000115,Glasgow Anniesland,G14 9YR
S01010434,Scotstoun South and West - 03,242,187,216,273,17,2463,620,453,0.05,S12000049,Glasgow City,S16000115,Glasgow Anniesland,G14 9YG
S01010435,Scotstoun South and West - 04,1735,1379.5,2342,912,39,672,645,418,0.08,S12000049,Glasgow City,S16000115,Glasgow Anniesland,G14 0YF
S01010436,Scotstoun South and West - 05,469,755,284,472,58,468,799,601,0.03,S12000049,Glasgow City,S16000115,Glasgow Anniesland,G14 9XF
S01010437,Yoker South - 01,1819,1460,1681,1623,15,2567.5,570,384,0.05,S12000049,Glasgow City,S16000115,Glasgow Anniesland,G14 0EN
S01010438,Yoker South - 02,1020,815,818,1333,30,1858,873,586,0.09,S12000049,Glasgow City,S16000115,Glasgow Anniesland,G14 0LH
S01010439,Yoker South - 03,1331,1152,1074,1741,37,1623,980,736,0.09,S12000049,Glasgow City,S16000115,Glasgow Anniesland,G14 0JX
S01010440,Yoker South - 04,502,402,305,463,35,787,626,425,0.14,S12000049,Glasgow City,S16000115,Glasgow Anniesland,G14 0PZ
S01010441,Yoker South - 05,3920,4000,3629,3515,28,2328,965,785,0.08,S12000049,Glasgow City,S16000115,Glasgow Anniesland,G14 0PT
S01010442,Yoker South - 06,1204,1246,1061,1738,25,2002,768,589,0.06,S12000049,Glasgow City,S16000115,Glasgow Anniesland,G14 0YH
S01010443,Yoker North - 01,2995,2829,3831,2415,7,4635,559,370,0.07,S12000049,Glasgow City,S16000115,Glasgow Anniesland,G13 4NA
S01010444,Yoker North - 02,1358,1286,1538,732,19,2343,660,402,0.07,S12000049,Glasgow City,S16000115,Glasgow Anniesland,G13 4LU
S01010445,Yoker North - 03,877,469,1021,879,17,3684,939,471,0.07,S12000049,Glasgow City,S16000115,Glasgow Anniesland,G13 4HF
S01010446,Yoker North - 04,3291,2856,3352,2297,12,4248,825,562,0.09,S12000049,Glasgow City,S16000115,Glasgow Anniesland,G13 4NH
S01010447,Knightswood West - 01,580,496,290,514,28,2478,1029,710,0.16,S12000049,Glasgow City,S16000115,Glasgow Anniesland,G13 4QF
S01010448,Knightswood West - 02,2665,2518,2603,2290,20,2934,855,597,0.04,S12000049,Glasgow City,S16000115,Glasgow Anniesland,G13 4AE
S01010449,Knightswood West - 03,1522,1331,1487,1182,16,3142,736,448,0.08,S12000049,Glasgow City,S16000115,Glasgow Anniesland,G13 4RQ
S01010450,Knightswood East - 01,1349,1304,1249,1342,15,3492,777,485,0.06,S12000049,Glasgow City,S16000115,Glasgow Anniesland,G13 3YX
S01010451,Knightswood East - 02,387,348.5,123,538,55,587,851,565,0.13,S12000049,Glasgow City,S16000115,Glasgow Anniesland,G13 1TP
S01010452,Knightswood East - 03,1991,1795,1612,1829,18,2954,777,459,0.04,S12000049,Glasgow City,S16000115,Glasgow Anniesland,G13 3AJ
S01010453,Knightswood East - 04,624,695,296,887,41,866,761,571,0.05,S12000049,Glasgow City,S16000115,Glasgow Anniesland,G13 3RU
S01010454,Knightswood East - 05,2037,1569.5,1501,2451,17,3148,784,471,0.08,S12000049,Glasgow City,S16000115,Glasgow Anniesland,G13 3SS
S01010455,Knightswood Park West - 01,52,85,18,23,53,684,886,593,0.02,S12000049,Glasgow City,S16000115,Glasgow Anniesland,G15 6NE
S01010456,Knightswood Park West - 02,2151,1758,2677,880,8,4206,538,329,0.07,S12000049,Glasgow City,S16000115,Glasgow Anniesland,G13 3JN
S01010457,Knightswood Park West - 03,2515,3130.5,2331,2462,47,298,547,374,0.04,S12000049,Glasgow City,S16000115,Glasgow Anniesland,G13 3LR
S01010458,Knightswood Park West - 04,813,714,595,992,25,1963,757,484,0.05,S12000049,Glasgow City,S16000115,Glasgow Anniesland,G13 3AX
S01010459,Knightswood Park West - 05,1968,1593.5,2101,1493,4,5680,553,373,0.06,S12000049,Glasgow City,S16000115,Glasgow Anniesland,G13 3TR
S01010460,Knightswood Park East - 01,6031,4592,5752,5888,7,5379,811,545,0.10,S12000049,Glasgow City,S16000115,Glasgow Anniesland,G13 3YD
S01010461,Knightswood Park East - 02,500,419,299,795,36,775,639,367,0.06,S12000049,Glasgow City,S16000115,Glasgow Anniesland,G13 3LP
S01010462,Knightswood Park East - 03,183,130,147,608,51,900,971,704,0.07,S12000049,Glasgow City,S16000115,Glasgow Anniesland,G13 3PH
S01010463,Knightswood Park East - 04,3328,2774.5,3046,2580,12,4173,798,517,0.16,S12000049,Glasgow City,S16000115,Glasgow Anniesland,G13 3YS
S01010464,Knightswood Park East - 05,2696,2304,2948,2121,11,3051,494,339,0.07,S12000049,Glasgow City,S16000115,Glasgow Anniesland,G13 3YJ
S01010465,Anniesland East - 01,5519,5757,5551,4760,9,5231,957,691,0.12,S12000049,Glasgow City,S16000118,Glasgow Maryhill and Springburn,G20 0TB
S01010466,Anniesland East - 02,6068,5850,5226,5145,11,4545,846,666,0.14,S12000049,Glasgow City,S16000115,Glasgow Anniesland,G61 1QF
S01010467,Anniesland East - 03,4965,4267,4737,3192,9,5100,899,510,0.12,S12000049,Glasgow City,S16000118,Glasgow Maryhill and Springburn,G12 0BW
S01010468,Anniesland East - 04,5362,4734,5389,5287,15,4050,955,658,0.12,S12000049,Glasgow City,S16000118,Glasgow Maryhill and Springburn,G12 0FA
S01010469,Anniesland East - 05,1808,2139,1399,1579,35,683,585,477,0.03,S12000049,Glasgow City,S16000115,Glasgow Anniesland,G13 1HH
S01010470,Anniesland West - 01,1824,1805,1895,870,17,3048,763,474,0.05,S12000049,Glasgow City,S16000115,Glasgow Anniesland,G13 2XY
S01010471,Anniesland West - 02,1921,1453,2596,1646,14,3339,688,460,0.06,S12000049,Glasgow City,S16000115,Glasgow Anniesland,G13 2TD
S01010472,Anniesland West - 03,2325,2181.5,2262,1778,16,3298,776,621,0.19,S12000049,Glasgow City,S16000115,Glasgow Anniesland,G13 1AZ
S01010473,Anniesland West - 04,4297,4230,3790,4005,13,3964,798,574,0.07,S12000049,Glasgow City,S16000115,Glasgow Anniesland,G13 1LJ
S01010474,Anniesland West - 05,3882,3261,3233,3330,9,4885,800,636,0.10,S12000049,Glasgow City,S16000115,Glasgow Anniesland,G13 1DE
S01010475,Anniesland West - 06,5774,5812,5441,4761,5,5774,737,593,0.06,S12000049,Glasgow City,S16000115,Glasgow Anniesland,G13 1EE
S01010476,Anniesland West - 07,3935,3318.5,4020,2549,26,3098,1182,796,0.12,S12000049,Glasgow City,S16000115,Glasgow Anniesland,G13 2BE
S01010477,Anniesland West - 08,2748,2734,2924,2166,15,3648,819,546,0.06,S12000049,Glasgow City,S16000115,Glasgow Anniesland,G13 3QS
S01010478,Blairdardie East - 01,298,608,90,188,30,2144,970,694,0.10,S12000049,Glasgow City,S16000115,Glasgow Anniesland,G13 2HS
S01010479,Blairdardie East - 02,1821,1698,1796,1074,24,3061,1080,685,0.08,S12000049,Glasgow City,S16000115,Glasgow Anniesland,G13 2DR
S01010480,Blairdardie East - 03,2017,1542,2249,1581,20,1882,587,387,0.06,S12000049,Glasgow City,S16000115,Glasgow Anniesland,G13 3XQ
S01010481,Blairdardie East - 04,223,97,332,359,14,3055,629,412,0.05,S12000049,Glasgow City,S16000115,Glasgow Anniesland,G13 2RJ
S01010482,Blairdardie East - 05,2018,1709,1715,1127,7,5394,820,545,0.11,S12000049,Glasgow City,S16000115,Glasgow Anniesland,G13 2QU
S01010483,Blairdardie East - 06,1276,1194,1187,915,19,3571,1011,657,0.09,S12000049,Glasgow City,S16000115,Glasgow Anniesland,G13 2DT
S01010484,Blairdardie East - 07,1440,1394,2213,1232,12,3109,547,351,0.08,S12000049,Glasgow City,S16000115,Glasgow Anniesland,G13 2PB
S01010485,Blairdardie West - 01,3157,2814,3765,2989,25,2636,972,668,0.08,S12000049,Glasgow City,S16000115,Glasgow Anniesland,G15 6QU
S01010486,Blairdardie West - 02,5710,5975,5458,4835,33,1747,919,615,0.13,S12000049,Glasgow City,S16000115,Glasgow Anniesland,G15 6RU
S01010487,Blairdardie West - 03,3455,3104,3436,2839,7,5758,1022,630,0.11,S12000049,Glasgow City,S16000115,Glasgow Anniesland,G15 6HF
S01010488,Drumchapel South - 01,435,370,789,282,34,1292,782,510,0.05,S12000049,Glasgow City,S16000115,Glasgow Anniesland,G15 6DE
S01010489,Drumchapel South - 02,609,421.5,726,1154,56,928,1082,563,0.07,S12000049,Glasgow City,S16000115,Glasgow Anniesland,G15 8SX
S01010490,Drumchapel South - 03,204,86,391,367,37,871,689,433,0.06,S12000049,Glasgow City,S16000115,Glasgow Anniesland,G15 6DP
S01010491,Drumchapel North - 01,152,123,114,275,17,2976,742,484,0.03,S12000049,Glasgow City,S16000115,Glasgow Anniesland,G15 6AN
S01010492,Drumchapel North - 02,70,27,236,58,22,1565,568,330,0.02,S12000049,Glasgow City,S16000115,Glasgow Anniesland,G15 7YP
S01010493,Drumchapel North - 03,23,17,71,38,36,841,661,416,0.03,S12000049,Glasgow City,S16000115,Glasgow Anniesland,G15 7SP
S01010494,Drumchapel North - 04,1075,906,1387.5,1454,22,1677,597,402,0.04,S12000049,Glasgow City,S16000115,Glasgow Anniesland,G15 7LG
S01010495,Drumchapel North - 05,63,122,82,15,43,863,797,536,0.02,S12000049,Glasgow City,S16000115,Glasgow Anniesland,G15 7NE
S01010496,Drumry East - 01,195,216,199,115,32,1600,841,568,0.03,S12000049,Glasgow City,S16000115,Glasgow Anniesland,G15 7AA
S01010497,Drumry East - 02,380,522,445,52,18,2439,650,438,0.05,S12000049,Glasgow City,S16000115,Glasgow Anniesland,G15 8HQ
S01010498,Drumry East - 03,314,389,459.5,412,30,2043,935,627,0.04,S12000049,Glasgow City,S16000115,Glasgow Anniesland,G15 8RX
S01010499,Drumry East - 04,19,20,75,78,111,80,738,442,0.02,S12000049,Glasgow City,S16000115,Glasgow Anniesland,G15 7TG
S01010500,Drumry West - 01,424,344,618,179,30,2280,1022,664,0.07,S12000049,Glasgow City,S16000115,Glasgow Anniesland,G15 8PH
S01010501,Drumry West - 02,1017,1163,990.5,471,23,3308,1119,748,0.04,S12000049,Glasgow City,S16000115,Glasgow Anniesland,G15 8BA
S01010502,Drumry West - 03,2219,2322,2008,1550,16,3410,806,563,0.09,S12000049,Glasgow City,S16000115,Glasgow Anniesland,G15 8BW
S01010503,Drumry West - 04,344,262,480,243,24,1657,647,440,0.01,S12000049,Glasgow City,S16000115,Glasgow Anniesland,G15 8PE
